"pathway","pval","padj","log2err","ES","NES","size","leadingEdge"
"KEGG_GRAFT_VERSUS_HOST_DISEASE",3.89541811908238e-07,7.28443188268405e-05,0.674962860011025,0.778373892029834,2.13948938012414,36,"HLA-E/HLA-F/HLA-DRA/HLA-DQA1/KLRD1/HLA-A/HLA-DRB1/HLA-B/HLA-DPB1/HLA-C/HLA-DQB1/HLA-DPA1/HLA-G/PRF1"
"KEGG_TYPE_I_DIABETES_MELLITUS",2.29176473598371e-05,0.00214280002814477,0.575610261071129,0.694418234676223,1.94835391814175,41,"HLA-E/HLA-F/CPE/HLA-DRA/HLA-DQA1/HLA-A/HLA-DRB1/HLA-B/HLA-DPB1/HLA-C/HLA-DQB1/HLA-DPA1/HLA-G/PRF1"
"KEGG_ALLOGRAFT_REJECTION",5.65431247336353e-05,0.00352452144172993,0.557332238758646,0.719477984033817,1.95999688430933,35,"HLA-E/HLA-F/HLA-DRA/HLA-DQA1/HLA-A/HLA-DRB1/HLA-B/HLA-DPB1/HLA-C/HLA-DQB1/HLA-DPA1/HLA-G/PRF1"
"KEGG_INSULIN_SIGNALING_PATHWAY",0.000104476624617444,0.00488428220086549,0.538434096309916,-0.528687666148568,-1.67864401000282,136,"FLOT1/PPP1CC/SOS1/PRKAR2A/PIK3CB/RAPGEF1/MAP2K2/EIF4E/PPP1R3A/MAPK9/TRIP10/HK3/SREBF1/PHKA2/RHEB/GSK3B/EIF4EBP1/PYGL/RPS6KB1/CBLB/GRB2/ACACB/PRKAG2/ACACA/PRKCZ/GYS2/MTOR/MAPK1/PYGM/PCK1/FBP2/BAD/PPP1R3D/FASN/PPARGC1A/PRKAA1/AKT2/AKT3/RAF1/HK1/EIF4E2/PRKAR1B/IRS1/GCK/KRAS/HK2/PIK3CA/ELK1/FBP1/PIK3CD/SHC3/SOS2/EXOC7/PPP1R3B/PHKG1"
"KEGG_CELL_ADHESION_MOLECULES_CAMS",0.000336058937970366,0.0125686042800917,0.49849310876659,0.482567068557074,1.65589189072895,126,"HLA-E/JAM3/HLA-F/SPN/HLA-DRA/SDC2/HLA-DQA1/CLDN5/HLA-A/HLA-DRB1/HLA-B/HLA-DPB1/NRXN2/HLA-C/HLA-DQB1/ITGA8/ESAM/SDC3/HLA-DPA1/CLDN11/HLA-G/NLGN3/ICOSLG/CDH5/ICAM2/SDC4/VCAN/CD6/CD4/CLDN23/SELL/CD2/PTPRM/NFASC/ITGB8/HLA-DMA/MADCAM1/HLA-DRB5/GLG1/CD22/PDCD1LG2"
"KEGG_AUTOIMMUNE_THYROID_DISEASE",0.000500522019172085,0.0155996029308633,0.477270815362862,0.637384640639118,1.79866836033125,42,"HLA-E/HLA-F/HLA-DRA/HLA-DQA1/HLA-A/HLA-DRB1/HLA-B/HLA-DPB1/HLA-C/HLA-DQB1/HLA-DPA1/HLA-G/PRF1"
"KEGG_ANTIGEN_PROCESSING_AND_PRESENTATION",0.000633325710043457,0.0169188439683038,0.477270815362862,0.553766088530624,1.75713950386641,71,"HLA-E/TAPBP/HLA-F/CD74/HSP90AB1/HLA-DRA/HLA-DQA1/KLRD1/HLA-A/HLA-DRB1/HLA-B/RFXANK/HLA-DPB1/HLA-C/NFYC/HLA-DQB1/HSPA2/HSPA1B/HLA-DPA1/HLA-G/HSPA1A/B2M/RFXAP/CD4/IFNA14/PDIA3/LTA"
"KEGG_APOPTOSIS",0.000952987180287139,0.0175579568836063,0.477270815362862,-0.557315287088178,-1.68528411973344,87,"PRKAR2A/PIK3CB/DFFA/NGF/CYCS/BID/BIRC2/PPP3CA/IRAK1/CASP6/PPP3CB/BAD/AIFM1/BIRC3/ATM/PPP3R1/AKT2/AKT3/PPP3CC/CAPN2/ENDOG/PRKAR1B/TNFSF10/CFLAR/PIK3CA/IL3RA/PIK3CD/CHP1/CHUK/PPP3R2"
"KEGG_ECM_RECEPTOR_INTERACTION",0.000987512850199605,0.0175579568836063,0.45505986738723,0.512882571391635,1.66979581393419,84,"LAMA2/COL5A1/TNXB/THBS4/SDC2/VTN/LAMB2/AGRN/COMP/HSPG2/COL1A2/THBS3/ITGA8/ITGA10/SDC3/COL11A2/COL3A1/ITGB4/SDC4/COL1A1/VWF/THBS2/GP5/SV2A/TNN"
"KEGG_OXIDATIVE_PHOSPHORYLATION",0.00100871832763481,0.0175579568836063,0.45505986738723,0.491558960708221,1.62730252097923,100,"SDHC/NDUFB5/COX8A/NDUFS8/ATP6V0B/SDHD/UQCRC2/UQCRQ/COX15/ATP6V1H/NDUFS7/NDUFV1/TCIRG1/COX6B1/LHPP/COX7A2L/ATP6V0C/COX7C/NDUFA4/NDUFS3/COX5B/UQCRH/COX4I2/ATP6V1G2/NDUFB7/NDUFA9/NDUFA2/COX7A1/NDUFA11/ATP6V1C1/ATP6V1F/ATP6V0E2/COX4I1/NDUFS2/NDUFB2/COX6A1/ATP6V0E1"
"KEGG_TGF_BETA_SIGNALING_PATHWAY",0.00103282099315331,0.0175579568836063,0.45505986738723,0.507072303830519,1.64784386599986,85,"PPP2R1A/LTBP1/BMP4/SMAD7/ID3/LEFTY2/THBS4/SMAD6/AMH/TGFB2/ID1/COMP/BMP2/INHBA/GDF6/THBS3/BMP6/BMPR2/LEFTY1/SMAD9/PPP2CB/ID4/ID2/INHBE/CHRD/TGFB3"
"KEGG_FOCAL_ADHESION",0.00247651512571321,0.0330791663220264,0.431707695803346,0.395588201974161,1.42934436673974,196,"CTNNB1/LAMA2/COL5A1/DOCK1/TNXB/SHC2/CCND2/JUN/ACTN2/RAC1/THBS4/PAK4/FLNB/MYL5/ILK/VTN/ACTN4/LAMB2/DIAPH1/MYL12A/CCND1/COMP/CDC42/VEGFB/MYL2/PDGFD/COL1A2/THBS3/ACTB/ITGA8/IGF1/TLN2/ITGA10/VEGFA/FLNC/COL11A2/COL3A1/RAC3/PXN/ITGB4/COL1A1/FLT4/VWF/THBS2/TLN1/FLNA/ACTG1/TNN"
"KEGG_LEUKOCYTE_TRANSENDOTHELIAL_MIGRATION",0.00246908399417637,0.0330791663220264,0.431707695803346,0.456778707256071,1.54637345744368,112,"JAM3/CTNNB1/PLCG1/ACTN2/RAC1/MMP2/MYL5/CLDN5/ACTN4/GNAI2/MYL12A/CDC42/MYL2/ACTB/CXCR4/ESAM/GNAI3/MAPK12/CLDN11/CDH5/PTPN11/PXN/RASSF5/ACTG1/SIPA1"
"KEGG_SPLICEOSOME",0.00212545337804721,0.0330791663220264,0.431707695803346,0.452515365847087,1.54671683153905,124,"PRPF8/DDX39B/PCBP1/U2AF2/PRPF3/SRSF6/HNRNPA1L2/SF3A1/HNRNPA1/HNRNPA3/SF3B3/SRSF3/DHX8/EIF4A3/SRSF7/SNRPE/CHERP/HSPA2/SNRPD2/PUF60/SF3A2/SF3B2/PPIH/HSPA1B/RBM22/SRSF2/TRA2B/SRSF5/DDX42/XAB2/PRPF19/PRPF40B/SNRNP200/SNRNP40/SRSF8/HSPA1A"
"KEGG_HISTIDINE_METABOLISM",0.00384565450101757,0.0479424927793523,0.431707695803346,0.65205324770804,1.69615049429955,28,"ALDH9A1/ALDH3B2/HEMK1/ALDH3B1/HDC/AOC1/ALDH2"
"KEGG_LONG_TERM_POTENTIATION",0.00471220301150997,0.0550738726970228,0.407017918923954,-0.521623517599757,-1.51752384496627,70,"PPP1CC/PPP1R1A/MAP2K2/RPS6KA2/RPS6KA3/PPP1R12A/GRIN2A/PPP3CA/PPP3CB/MAPK1/RPS6KA6/PPP3R1/CREBBP/ITPR2/PPP3CC/RAF1/PLCB2/CAMK2A/KRAS/GRIN2B/GNAQ/CHP1"
"KEGG_TIGHT_JUNCTION",0.00549573235125597,0.0604530558638156,0.407017918923954,0.429889802934547,1.47513389323248,126,"PPP2R1A/JAM3/CTNNB1/CSNK2B/ACTN2/AMOTL1/MYL5/LLGL1/CLDN5/ACTN4/GNAI2/TJAP1/CDK4/MYL12A/CDC42/PPP2R2B/EXOC3/MYL2/MYH11/RRAS2/ACTB/TJP1/GNAI3/CTTN/PARD6G/CLDN11/PPP2CB"
"KEGG_VIRAL_MYOCARDITIS",0.00610976398849622,0.0634736592138219,0.407017918923954,0.493390793019804,1.5462535440014,68,"HLA-E/LAMA2/SGCA/HLA-F/RAC1/HLA-DRA/HLA-DQA1/HLA-A/HLA-DRB1/HLA-B/CCND1/HLA-DPB1/HLA-C/HLA-DQB1/MYH11/ABL1/ACTB/HLA-DPA1/HLA-G/PRF1/RAC3/ACTG1/CASP3/MYH7/MYH10"
"KEGG_EPITHELIAL_CELL_SIGNALING_IN_HELICOBACTER_PYLORI_INFECTION",0.00870102761732736,0.0856364297073798,0.380730400722792,0.475586454232055,1.48732035333664,67,"JAM3/JUN/PLCG1/ATP6V0B/RAC1/ATP6V1H/TCIRG1/ATP6V0C/CDC42/CCL5/TJP1/ATP6V1G2/MAPK12/PTPN11/ATP6V1C1/ATP6V1F/ATP6V0E2/NFKBIA/CASP3/HBEGF/ATP6V0E1/ATP6V1G1/EGFR"
"KEGG_PARKINSONS_DISEASE",0.00945150742071545,0.0883715943836894,0.380730400722792,0.447221341862626,1.47281120255691,98,"UBB/SDHC/NDUFB5/COX8A/NDUFS8/SDHD/UQCRC2/UQCRQ/NDUFS7/NDUFV1/UCHL1/COX6B1/COX7A2L/SNCAIP/COX7C/NDUFA4/UBA7/SNCA/SLC25A6/NDUFS3/COX5B/UQCRH/VDAC2/COX4I2/NDUFB7/NDUFA9/NDUFA2/COX7A1/PARK7/COX4I1/NDUFS2/CASP3/HTRA2/NDUFB2/SLC18A1/COX6A1"
"KEGG_TRYPTOPHAN_METABOLISM",0.0102668356369988,0.0914237268627989,0.380730400722792,0.546156942332547,1.52108080091414,39,"HAAO/INMT/ALDH9A1/OGDHL/CYP1B1/CAT/AOC1/ALDH2"
"KEGG_GLYCOSAMINOGLYCAN_BIOSYNTHESIS_CHONDROITIN_SULFATE",0.0118932873071342,0.101092942110641,0.380730400722792,0.655832389654174,1.6324451817279,22,"CHST14/CHPF2/B3GAT3/CHST12/CHST3/CHSY3/B4GALT7/CHST11/CSGALNACT2/B3GAT2/B3GAT1"
"KEGG_PYRUVATE_METABOLISM",0.0163262948651345,0.12720904749084,0.352487857583619,-0.569083803251751,-1.51246684135951,40,"ME1/PDHA2/LDHAL6A/LDHA/PKM/ACACB/ACACA/ME2/PCK1/ACAT2/ACSS2/HAGHL/PDHB/PC"
"KEGG_UBIQUITIN_MEDIATED_PROTEOLYSIS",0.0161021818526085,0.12720904749084,0.352487857583619,-0.427310591671686,-1.35206789171226,130,"TRIM37/ANAPC7/CDC26/CUL2/UBE2D3/UBE2Q1/CDC27/TRIP12/UBE2J2/BTRC/BIRC2/UBR5/UBE2I/UBE2K/UBE2C/CBLB/KEAP1/FBXO2/UBE2J1/UBE2F/HERC2/WWP1/FBXW7/UBE3A/HERC3/SKP1/UBE2G1/SMURF2/UBE2O/SKP2/ANAPC5/BIRC3/UBE2D4/CUL5/TRAF6/UBA3/CUL1/UBE2G2/CDC20/NEDD4/ITCH/PIAS4/UBE3C/UBE2L3/UBE2D2/ERCC8"
"KEGG_HUNTINGTONS_DISEASE",0.0174525404971829,0.130442275767629,0.352487857583619,0.388045495067285,1.38189731627826,159,"POLR2C/SDHC/NDUFB5/COX8A/NDUFS8/AP2B1/CREB5/POLR2A/POLR2K/SDHD/UQCRC2/UQCRQ/POLR2G/NDUFS7/NDUFV1/COX6B1/COX7A2L/COX7C/NDUFA4/HDAC1/SLC25A6/NDUFS3/COX5B/TBP/UQCRH/CLTCL1/VDAC2/COX4I2/CLTC/AP2M1/CLTA/NDUFB7/NDUFA9/NDUFA2/COX7A1/ITPR1/TBPL1/POLR2J/POLR2J3/COX4I1/NDUFS2/POLR2I/CASP3/HDAC2/NDUFB2/COX6A1"
"KEGG_OOCYTE_MEIOSIS",0.0181363591976382,0.130442275767629,0.352487857583619,-0.452253836536828,-1.40957699553282,110,"ADCY9/PPP1CC/ANAPC7/RPS6KA2/CDC26/SMC1A/CDC27/AURKA/RPS6KA3/YWHAE/CCNE1/BTRC/PPP2R5E/PPP2R5C/MAD2L2/PPP3CA/PTTG1/PGR/ESPL1/PPP3CB/MAPK1/SKP1/RPS6KA6/SMC3/ANAPC5/CCNB2/FBXO5/PPP3R1/CUL1/ITPR2/CDC20/PPP3CC/CDC25C"
"KEGG_RIBOSOME",0.0232992262067239,0.156595090651153,0.352487857583619,0.430478350603605,1.39593090325207,88,"RPL35A/RPL15/RPLP1/RPS29/RPSA/RPS9/RPLP2/RPS27A/RPL13A/RPS5/RPL14/RPL4/RPL30/RPL31/RPL28/UBA52/RPS11/RPL23A/RPS19/RPL18A/RPL7A/RPS15/RPS7/RPL34/RPL19/FAU"
"KEGG_RNA_DEGRADATION",0.0234473932525791,0.156595090651153,0.352487857583619,-0.521877435068187,-1.45201104506905,51,"CNOT1/PNPT1/HSPD1/DCP1A/CNOT7/DIS3/CNOT6/PAPOLB/XRN1/MPHOSPH6/PATL1/LSM4/LSM1/LSM6/XRN2/EXOSC1/CNOT2"
"KEGG_LYSOSOME",0.0268709985353254,0.17327161124503,0.352487857583619,0.3944079927522,1.34494189674437,120,"GAA/LAMP1/ARSA/IDUA/SGSH/ATP6V0B/PPT2/CTSK/ATP6V1H/TCIRG1/AP4M1/HEXB/GNPTG/HEXA/LAPTM4B/ATP6V0C/AP1M1/AP4B1/CLN5/CLTCL1/CLTC/ABCA2/CLTA/ARSG/GUSB/CTSG/SLC17A5/CTSO/PPT1/CTSF/AP3M2/LAMP3/NAGPA"
"KEGG_VIBRIO_CHOLERAE_INFECTION",0.0413063575410411,0.257476295339156,0.321775918075361,0.478981030768201,1.43333880424954,53,"ARF1/PLCG1/ATP6V0B/ATP6V1H/GNAS/TCIRG1/SEC61G/ATP6V0C/ACTB/TJP1/ATP6V1G2/KDELR1/ATP6V1C1/ATP6V1F/ATP6V0E2/ACTG1/ATP6V0E1/ATP6V1G1"
"KEGG_MAPK_SIGNALING_PATHWAY",0.0430686406460296,0.259801154864759,0.252961123069611,-0.368365041407366,-1.24918054094853,261,"TAB2/SOS1/FGF7/CACNA2D3/MAP2K2/PLA2G2A/RPS6KA2/PPM1A/STK3/MAX/NGF/RPS6KA3/MAPK9/PLA2G12A/FGF10/PLA2G12B/MAP3K5/CACNA1E/CACNB2/RPS6KA5/DAXX/NTF4/GRB2/MAPKAPK3/TAOK3/PPP3CA/MAP3K8/FGFR4/PPP3CB/RASA1/MAPK1/MAP4K3/EGF/DUSP9/RASGRF2/TGFBR2/RPS6KA6/ARRB1/CACNA2D4/ELK4/DUSP7/FGF20/RASGRP2/CD14/TRAF6/PPP3R1/GNA12/AKT2/RASGRP4/AKT3/CDC25B/RAPGEF2/FGF16/PPP3CC/RAF1/MEF2C/PPP5C/MAP2K6/FGF11/MRAS/KRAS/ARRB2/DUSP4/ELK1/CACNA1D/MAP4K2/CHP1/MAPK14/NF1/SOS2/CHUK/CACNA1B/CACNG4/DUSP3/PPP3R2/FGF12/MAP3K4/MAPK13/ATF2/CACNA2D1/MKNK1/PDGFRB"
"KEGG_TYPE_II_DIABETES_MELLITUS",0.0477707006369427,0.279160031847134,0.261663521711573,-0.511731029982869,-1.39770844396412,47,"PIK3CB/MAPK9/HK3/PRKCD/PKM/CACNA1E/PRKCZ/MTOR/MAPK1/KCNJ11/HK1/ADIPOQ/IRS1/GCK/HK2/PIK3CA/CACNA1D/PIK3CD"
"KEGG_GLYCOSAMINOGLYCAN_BIOSYNTHESIS_HEPARAN_SULFATE",0.0493886767243035,0.279869168104387,0.321775918075361,0.557694438013709,1.42839257130219,26,"EXT1/EXT2/B3GAT3/B4GALT7/GLCE/EXTL1/B3GAT2/B3GAT1/HS3ST1"
"KEGG_ERBB_SIGNALING_PATHWAY",0.0551415797317437,0.30327868852459,0.234392647294686,-0.440418951262103,-1.32698413808829,86,"SOS1/PIK3CB/MAP2K2/MAPK9/NCK2/NCK1/GSK3B/EIF4EBP1/EREG/RPS6KB1/CBLB/GRB2/PTK2/MTOR/MAPK1/EGF/ERBB2/BAD/ABL2/TGFA/AKT2/AKT3/RAF1/CAMK2A/KRAS/PIK3CA/ELK1/PAK6/PIK3CD/SHC3/SOS2/ERBB3/BTC"
"KEGG_PROGESTERONE_MEDIATED_OOCYTE_MATURATION",0.0574886535552194,0.307153663280743,0.231126709673834,-0.443805241770938,-1.32612871616528,84,"ADCY9/ANAPC7/PIK3CB/RPS6KA2/CDC26/CDC27/RPS6KA3/MAPK9/MAD2L2/HSP90AA1/PGR/MAPK1/RPS6KA6/ANAPC5/CCNB2/AKT2/CCNA2/AKT3/CDC25B/RAF1/CDC25C/BUB1/KRAS/PIK3CA/CDK1/PIK3CD"
"KEGG_BASAL_TRANSCRIPTION_FACTORS",0.063973063973064,0.332304526748971,0.231126709673834,-0.532857840265376,-1.39957174915607,35,"GTF2F1/TAF9/TAF12/GTF2E2/GTF2A2/GTF2E1/TAF4/GTF2A1/TAF4B/GTF2B/TAF1L/TAF2"
"KEGG_ACUTE_MYELOID_LEUKEMIA",0.0889967637540453,0.365292223219471,0.190023305279108,-0.467459469079524,-1.30673014525591,57,"SOS1/PIK3CB/MAP2K2/STAT3/EIF4EBP1/RPS6KB1/GRB2/TCF7/MTOR/MAPK1/JUP/RUNX1T1/BAD/AKT2/SPI1/AKT3/RAF1/KRAS/PIK3CA/PIK3CD/SOS2/CHUK"
"KEGG_ALZHEIMERS_DISEASE",0.0735194118965544,0.365292223219471,0.287805130535564,0.34673064795741,1.2134095037934,144,"SDHC/APH1A/NDUFB5/COX8A/NDUFS8/SDHD/UQCRC2/UQCRQ/NDUFS7/NDUFV1/COX6B1/MME/COX7A2L/COX7C/LPL/NDUFA4/SNCA/GRIN2C/NDUFS3/COX5B/UQCRH/COX4I2/NDUFB7/CDK5R1/NDUFA9/NDUFA2/COX7A1/PSENEN/ITPR1"
"KEGG_CELL_CYCLE",0.0863309352517986,0.365292223219471,0.181383128498408,-0.395704758249205,-1.24671556349392,124,"CDKN2D/ANAPC7/CDC26/SMC1A/CDC27/RBL1/YWHAE/STAG1/CCNE1/TFDP2/GSK3B/PCNA/ORC2/MAD2L2/PTTG1/ESPL1/SKP1/CDC7/CDKN2C/SMC3/E2F2/SKP2/CHEK2/ANAPC5/ORC5/ORC1/CDK6/ATM/CCNB2/CCNA2/CREBBP/CUL1/CDC20/CDC25B/STAG2/TTK/CHEK1/ORC4/CDC25C"
"KEGG_CYTOKINE_CYTOKINE_RECEPTOR_INTERACTION",0.0907388178965378,0.365292223219471,0.287805130535564,0.312273851048378,1.15398440241927,248,"CTF1/CX3CL1/IL11RA/AMH/TGFB2/FLT3LG/TNFRSF14/TNFSF12/BMP2/LEPR/INHBA/PLEKHO2/TNFRSF25/CCL5/TNFRSF11B/VEGFB/EDA2R/CXCL2/CXCR4/CCL24/VEGFA/IL23A/BMPR2/KIT/TNFRSF12A/CCR10/CCL22/TNFRSF1B/INHBE/TGFB3/CXCL14/IL11/CSF1R/FLT4/CCR7/RELT/CXCL16/TNFRSF10C/TNFRSF6B/EPO/CXCR6/CXCL9/IL17B/IFNA14/CXCL3/TGFBR1/TNFRSF4/CCL4/LTA/MPL/ACVR2B/EGFR/CD27/IL15/CCL21/CCL17/PDGFC/CCL3/TNF"
"KEGG_ENDOMETRIAL_CANCER",0.0772946859903382,0.365292223219471,0.204294756516886,-0.482268714311012,-1.34126586310512,52,"SOS1/PIK3CB/MAP2K2/GSK3B/GRB2/CTNNA1/TCF7/MAPK1/AXIN1/EGF/ERBB2/MLH1/BAD/AKT2/AKT3/RAF1/APC/KRAS/PIK3CA/ELK1/PIK3CD/SOS2/CDH1"
"KEGG_GAP_JUNCTION",0.0786350148367952,0.365292223219471,0.193813302725311,-0.422047793064457,-1.27551944869789,88,"ADCY9/SOS1/MAP2K2/TUBB4A/GUCY1A2/TUBA1B/GRB2/TUBA3D/TUBA3E/TUBA3C/MAPK1/EGF/TUBB4B/TUBA1C/ITPR2/RAF1/TUBB1/TUBB2B/PLCB2/TUBAL3/KRAS"
"KEGG_GLYCOSYLPHOSPHATIDYLINOSITOL_GPI_ANCHOR_BIOSYNTHESIS",0.0902612826603325,0.365292223219471,0.231126709673834,0.531651188753612,1.35526889523467,25,"PIGL/GPAA1/PIGG/PIGB/DPM2/PIGQ/PIGY"
"KEGG_MTOR_SIGNALING_PATHWAY",0.0812101910828025,0.365292223219471,0.197822021315103,-0.481214923302318,-1.33887640418047,51,"PIK3CB/RPS6KA2/EIF4E/RPS6KA3/RHEB/EIF4EBP1/ULK3/CAB39L/RPS6KB1/MTOR/MAPK1/RPS6KA6/ULK2/PRKAA1/AKT2/AKT3/EIF4E2/MLST8/PIK3CA/PIK3CD/HIF1A"
"KEGG_OTHER_GLYCAN_DEGRADATION",0.0750605326876513,0.365292223219471,0.257206466468838,0.618992336298884,1.39232473941022,15,"MAN2C1/HEXB/ENGASE/HEXA/NEU3/MAN2B2"
"KEGG_PYRIMIDINE_METABOLISM",0.0893739670543008,0.365292223219471,0.287805130535564,0.379946981640417,1.2517512592466,97,"POLR2C/UPP1/POLR1E/NME3/CAD/POLR2A/NME4/POLR2K/POLR2G/ITPA/NT5E/DUT/UMPS/CANT1/DCTD/UCK2/ENTPD3/RRM1/POLR2J/POLR2J3/POLR2I/TYMP/ENTPD1"
"KEGG_RNA_POLYMERASE",0.0918114143920596,0.365292223219471,0.234392647294686,0.513865174274018,1.3366894075167,28,"POLR2C/POLR1E/POLR2A/POLR2K/POLR2G/POLR2J/POLR2J3/POLR2I/POLR3F"
"KEGG_CARDIAC_MUSCLE_CONTRACTION",0.0986301369863014,0.384246575342466,0.237793834423688,0.401431493693155,1.27377091207588,71,"COX8A/UQCRC2/UQCRQ/COX6B1/COX7A2L/COX7C/TNNI3/ATP1B4/MYL2/COX5B/UQCRH/COX4I2/TPM1/COX7A1/SLC9A1/ATP1A4/ATP1B2/ACTC1/COX4I1/CACNA2D2/MYH7/COX6A1/CACNB3"
"KEGG_INTESTINAL_IMMUNE_NETWORK_FOR_IGA_PRODUCTION",0.107894736842105,0.403526315789474,0.222056046145248,0.45049604895931,1.30494147410536,46,"HLA-DRA/HLA-DQA1/HLA-DRB1/HLA-DPB1/HLA-DQB1/CXCR4/CCR10/HLA-DPA1/ICOSLG/IL15/HLA-DMA/MADCAM1/HLA-DRB5/TNFSF13B/IL6/CD80/CCL25"
"KEGG_NOD_LIKE_RECEPTOR_SIGNALING_PATHWAY",0.105939004815409,0.403526315789474,0.172324344900946,-0.450375867868976,-1.27822295641403,60,"TAB2/MAPK9/CCL11/BIRC2/PSTPIP1/CARD18/HSP90AA1/MAPK1/NLRC4/CARD9/CARD8/BIRC3/IL18/TRAF6/CASP5/PYCARD/TAB3/CCL2/RIPK2/CARD6/MAPK14/CHUK/CCL7/MAPK13"
"KEGG_PROSTATE_CANCER",0.111111111111111,0.407407407407407,0.160801401070022,-0.408432004202053,-1.23380996735717,89,"SOS1/PIK3CB/MAP2K2/CREB1/CCNE1/GSK3B/GRB2/CREB3L1/HSP90AA1/TCF7/MTOR/MAPK1/EGF/ERBB2/INSRR/BAD/E2F2/TGFA/AKT2/CREBBP/AKT3/RAF1"
"KEGG_FC_EPSILON_RI_SIGNALING_PATHWAY",0.124042879019908,0.418784739085856,0.154190966581424,-0.419422593549605,-1.23899722867655,77,"SOS1/PIK3CB/MAP2K2/PLA2G2A/FCER1G/MAPK9/PLA2G12A/PLA2G12B/PRKCD"
"KEGG_GLYCEROPHOSPHOLIPID_METABOLISM",0.129890453834116,0.418784739085856,0.152144922367565,-0.420754021721974,-1.22407107671567,70,"PLA2G2A/PCYT1A/GPD1/PLA2G12A/LPCAT3/PLA2G12B/ETNK2/PTDSS1/GPAM/LPCAT4/PLD1/GPD2/LYPLA1/MBOAT1/LPCAT1/GPD1L/DGKE/PCYT1B"
"KEGG_PROTEASOME",0.126943005181347,0.418784739085856,0.20207170902116,0.443506118466243,1.28227775681859,45,"PSMB4/PSMB10/PSMC4/PSMD3/PSMD1/PSMA2/PSMB3/PSMC1P4/PSMC1/PSMD13/PSMB1/POMP/PSMA7"
"KEGG_PROXIMAL_TUBULE_BICARBONATE_RECLAMATION",0.128878281622912,0.418784739085856,0.191892240384838,0.515126400142724,1.29114640857092,23,"CA4/ATP1B4/AQP1/SLC38A3/ATP1A4/ATP1B2/ATP1B3/MDH1/ATP1A2/ATP1A1/SLC4A4"
"KEGG_REST_AMPK_SIGNALING_PATHWAY_HSA04152",0.124818577648766,0.418784739085856,0.149207542435322,-0.379820988539036,-1.19326593049162,120,"PIK3CB/PPARG/STRADB/CREB1/CFTR/PPP2R2C/SREBF1/RHEB/RAB10/RAB14/EIF4EBP1/PPP2R5E/CAB39L/PPP2R5C/RPS6KB1/ACACB/PRKAG2/RAB8A/CREB3L1/ACACA/GYS2/MTOR/ADIPOR1/PFKFB3/LEP/PCK1/FBP2/ELAVL1/ADRA1A/TBC1D1/FASN/PPARGC1A/PRKAA1/AKT2/CCNA2/AKT3/SCD/PFKM/ADIPOQ/PFKFB2/IRS1/PPP2R5A/PFKFB4/SCD5/PIK3CA/FBP1"
"KEGG_TAURINE_AND_HYPOTAURINE_METABOLISM",0.123873873873874,0.418784739085856,0.190023305279108,0.64848479229509,1.35063575624324,10,"CSAD/ADO"
"KEGG_WNT_SIGNALING_PATHWAY",0.128205128205128,0.418784739085856,0.224966093540314,0.319954456494706,1.13408114819324,150,"PPP2R1A/CTNNB1/SFRP4/WNT9A/CSNK2B/CCND2/JUN/CAMK2B/LRP5/RAC1/FZD1/PRICKLE2/CSNK1E/SOX17/CCND1"
"KEGG_CITRATE_CYCLE_TCA_CYCLE",0.146711635750422,0.465001286192014,0.148261500475107,-0.495457110978229,-1.27087135195255,31,"PDHA2/IDH1/SUCLA2/ACLY/SDHB/FH/SUCLG1/PCK1/IDH2"
"KEGG_RIBOFLAVIN_METABOLISM",0.156729131175468,0.480464713603485,0.143758989039275,-0.598844899966238,-1.30635048288683,14,"RFK/ACP1/ACP2/MTMR1/FLAD1/ENPP1"
"KEGG_T_CELL_RECEPTOR_SIGNALING_PATHWAY",0.154302670623145,0.480464713603485,0.134273452883202,-0.379422268312622,-1.17419761863298,106,"SOS1/PIK3CB/MAP2K2/MAPK9/NCK2/NCK1/GSK3B/CBLB/IL10/GRB2/PPP3CA/MAP3K8/PPP3CB/MAPK1/MALT1/PPP3R1/AKT2/AKT3/IL5/PPP3CC/RAF1/DLG1/GRAP2/KRAS/PIK3CA/PAK6/PIK3CD/CHP1/MAPK14/SOS2/CHUK/PPP3R2/MAPK13"
"KEGG_PROPANOATE_METABOLISM",0.159592529711375,0.481351662193987,0.142056643575821,-0.489098015051399,-1.25862512485559,32,"LDHAL6A/SUCLA2/LDHA/ACACB/ACACA/PCCA/SUCLG1/HIBCH/ACAT2/ACSS2/MCEE/EHHADH"
"KEGG_B_CELL_RECEPTOR_SIGNALING_PATHWAY",0.165898617511521,0.492429229756419,0.131457611642763,-0.40536608432857,-1.1904465684583,75,"SOS1/PIK3CB/MAP2K2/GSK3B/PIK3AP1/GRB2/PPP3CA/CD79B/PPP3CB/MAPK1/MALT1/PPP3R1/AKT2/AKT3/PPP3CC/RAF1/LILRB3/KRAS/PIK3CA/PIK3CD/CHP1/SOS2/CHUK/PPP3R2"
"KEGG_CYSTEINE_AND_METHIONINE_METABOLISM",0.192504258943782,0.514261377464103,0.128142916898415,-0.468446293450084,-1.21466224205819,33,"LDHAL6A/LDHA/AHCY/TRDMT1/DNMT1/AHCYL1/AMD1/CBS"
"KEGG_DNA_REPLICATION",0.190635451505017,0.514261377464103,0.127505315300183,-0.462928854163114,-1.21753797203575,36,"RFC1/DNA2/RNASEH1/PCNA/PRIM1/RFC4/POLA2/POLD2/SSBP1/POLE/POLA1/POLE3/POLD4"
"KEGG_NICOTINATE_AND_NICOTINAMIDE_METABOLISM",0.189509306260575,0.514261377464103,0.128788713061714,-0.516568832679414,-1.25364056374323,24,"NAMPT/CD38/AOX1/NUDT12"
"KEGG_NOTCH_SIGNALING_PATHWAY",0.189839572192513,0.514261377464103,0.165656695205483,0.406148907151614,1.17579755739315,47,"APH1A/DLL4/DTX3/HDAC1/HES1/NUMBL/DTX2/PSENEN/LFNG/DTX4/MFNG/NOTCH1/KAT2A/HDAC2/NOTCH4"
"KEGG_PANCREATIC_CANCER",0.184663536776213,0.514261377464103,0.125033367555272,-0.405955844042257,-1.17922769954187,69,"PIK3CB/STAT3/JAK1/MAPK9/RALA/PLD1/MAPK1/EGF/ERBB2/TGFBR2/BAD/E2F2/BRCA2/CDK6/TGFA/AKT2/AKT3/RAF1/RALBP1"
"KEGG_RENAL_CELL_CARCINOMA",0.178683385579937,0.514261377464103,0.127505315300183,-0.41187054933032,-1.19145473087261,66,"SOS1/PIK3CB/RAPGEF1/MAP2K2/CUL2/FH/GRB2/EGLN1/MAPK1/EGLN2/TGFA/AKT2/CREBBP/AKT3/RAF1/ETS1/SLC2A1/KRAS/PIK3CA/ARNT/PAK6/PIK3CD/HIF1A/SOS2"
"KEGG_VASCULAR_SMOOTH_MUSCLE_CONTRACTION",0.189149560117302,0.514261377464103,0.118815039412263,-0.368802924663703,-1.15084099494641,111,"ADCY9/PPP1CC/MAP2K2/PLA2G2A/PLA2G12A/PLA2G12B/PRKCD/PPP1R12A/GUCY1A2/ROCK1/MAPK1/CALCRL/ADRA1A/CYP4A22/ARHGEF11/GNA12/ITPR2/RAF1/ROCK2/PPP1R12B/PLCB2/KCNMB3/CACNA1D/CYP4A11/PRKCH/GNAQ"
"KEGG_AMYOTROPHIC_LATERAL_SCLEROSIS_ALS",0.20097244732577,0.517213328127034,0.121543282035469,-0.428424432004357,-1.19367551203949,53,"ALS2/CYCS/BID/MAP3K5/DAXX/GRIN2A/TOMM40L/PPP3CA/PPP3CB/BAD/PRPH2/NOS1/PPP3R1/PPP3CC/MAP2K6/GRIN2B/RAB5A/GPX1/CHP1/MAPK14/NEFH/PPP3R2/MAPK13"
"KEGG_BETA_ALANINE_METABOLISM",0.204761904761905,0.517213328127034,0.149207542435322,0.488110002690728,1.21496411982006,22,"ALDH9A1/MLYCD/AOC3/ABAT/ALDH2"
"KEGG_BLADDER_CANCER",0.213032581453634,0.517213328127034,0.150169802128406,0.424470807891306,1.186626303597,40,"RASSF1/MMP2/CDK4/CCND1/DAPK3/VEGFB/FGFR3/VEGFA/CDKN1A/E2F3/RB1/TYMP/EGFR/MDM2/DAPK2"
"KEGG_LYSINE_DEGRADATION",0.203672787979967,0.517213328127034,0.122679189568808,-0.446165345672354,-1.18435493932846,39,"SETD2/PLOD2/AASS/TMLHE/AASDH/ASH1L/ACAT2/SETDB2/NSD1/EHHADH/EHMT1"
"KEGG_NEUROTROPHIN_SIGNALING_PATHWAY",0.207848837209302,0.517213328127034,0.111918316325105,-0.35580336517515,-1.1185221038157,125,"SOS1/PIK3CB/RAPGEF1/MAP2K2/RPS6KA2/NGF/RPS6KA3/MAPK9/YWHAE/PRKCD/MAP3K5/GSK3B/RPS6KA5/NTF4/GRB2/CSK/IRAK1/MAPK1/RPS6KA6/BAD/ARHGDIB/TP73/TRAF6/AKT2/AKT3/RAF1/RIPK2/PRDM4/IRS1/CAMK2A/KRAS"
"KEGG_PATHWAYS_IN_CANCER",0.213049267643142,0.517213328127034,0.104732821580651,-0.317807497116834,-1.09695495213451,319,"SOS1/DVL1/PIK3CB/FGF7/MAP2K2/STAT3/JAK1/PPARG/CUL2/MAX/MAPK9/FGF10/WNT5A/CCNE1/RXRA/FZD5/CYCS/BID/GSK3B/LAMB3/ITGB1/BIRC2/BIRC5/PTCH1/APPL1/FH/RALA/CBLB/GRB2/MSH6/PTK2/HSP90AA1/CTNNA1/PLD1/TCF7/EGLN1/MTOR/MAPK1/AXIN1/EGF/LAMC1/ERBB2/JUP/TGFBR2/RUNX1T1/MLH1/BAD/E2F2/FZD9/SKP2/EGLN2/BIRC3/BRCA2/CDK6/FGF20/TGFA/TRAF6/ITGA2/AKT2/CREBBP/SPI1/AKT3/FGF16/RAF1/PIAS4/RALBP1/APC"
"KEGG_PHENYLALANINE_METABOLISM",0.214457831325301,0.517213328127034,0.14641623786055,0.520737804294815,1.21060617773061,17,"ALDH3B2/ALDH3B1/AOC3"
"KEGG_VASOPRESSIN_REGULATED_WATER_REABSORPTION",0.215736040609137,0.517213328127034,0.150169802128406,0.407657213796923,1.17118294449433,44,"VAMP2/RAB11B/DYNC1H1/DYNLL2/CREB5/ARHGDIA/DYNC2H1/GNAS/DYNC2LI1/STX4"
"KEGG_ALPHA_LINOLENIC_ACID_METABOLISM",0.224662162162162,0.5317952446117,0.116739204791222,-0.523796349346519,-1.20678369280033,18,"PLA2G2A/PLA2G12A/PLA2G12B"
"KEGG_ETHER_LIPID_METABOLISM",0.228714524207012,0.53462020033389,0.114750719227023,-0.468536781811897,-1.19228264704506,29,"PLA2G2A/PLA2G12A/PLA2G12B/LPCAT4/PLD1/PAFAH1B1/LPCAT1"
"KEGG_ADHERENS_JUNCTION",0.240223463687151,0.535545822102426,0.149207542435322,0.353867801739508,1.10899787812972,68,"CTNNB1/CSNK2B/ACTN2/RAC1/FARP2/ACTN4/CDC42/ACTB/PTPN1/TJP1/SNAI1/RAC3/ACTG1/TGFBR1/INSR/LEF1/EGFR/PTPRM/CTNNA2"
"KEGG_CIRCADIAN_RHYTHM_MAMMAL",0.240566037735849,0.535545822102426,0.135740943810425,0.573097023034826,1.22439286164464,12,"CRY2/PER2/CSNK1E/BHLHE40/PER3/PER1/NR1D1/CSNK1D"
"KEGG_HEMATOPOIETIC_CELL_LINEAGE",0.240469208211144,0.535545822102426,0.153158808683073,0.340235401972111,1.10770706913227,84,"CD9/IL11RA/HLA-DRA/FLT3LG/CD1C/MME/HLA-DRB1/CD1E/KIT/IL11/CSF1R/GP5/EPO/CD4/CD7/CD2/CD3E/MS4A1/TNF/CD3G/HLA-DRB5/GP1BB/CD22/IL4R/CD5/CD1D/IL6/ITGB3/CD8B/GYPA/CSF3/CD44"
"KEGG_SMALL_CELL_LUNG_CANCER",0.237518910741301,0.535545822102426,0.105920292736253,-0.378654138592888,-1.13145154545522,84,"PIK3CB/MAX/CCNE1/RXRA/CYCS/LAMB3/ITGB1/BIRC2/PTK2/LAMC1/E2F2/SKP2/BIRC3/CDK6/TRAF6/ITGA2/AKT2/AKT3/PIAS4"
"KEGG_MELANOMA",0.245696400625978,0.540532081377152,0.105920292736253,-0.387604876583722,-1.12592148543488,69,"PIK3CB/FGF7/MAP2K2/FGF10/MAPK1/EGF/BAD/E2F2/CDK6/FGF20/AKT2/AKT3/FGF16/RAF1/FGF11/KRAS/PIK3CA/PIK3CD/CDH1/FGF12/MET/PDGFRB/HGF"
"KEGG_MISMATCH_REPAIR",0.265866209262436,0.571459553242247,0.106729884364606,-0.483448272446817,-1.15939708584102,23,"RFC1/PCNA/RFC4/MSH6/POLD2/MLH1/SSBP1"
"KEGG_PATHOGENIC_ESCHERICHIA_COLI_INFECTION",0.264802631578947,0.571459553242247,0.104343952581949,-0.405695078047499,-1.1306409149432,56,"TUBB4A/NCK2/NCK1/ITGB1/TUBA1B/ROCK1/TUBA3D/TUBA3E/TUBA3C/TUBB4B/TUBA1C/CD14/NCL/TUBB1/ROCK2/TUBB2B/TUBAL3/EZR/KRT18/TLR4"
"KEGG_SULFUR_METABOLISM",0.269953051643192,0.573650234741784,0.126875729929857,0.5431390142569,1.19190155036454,13,"CHST12/SULT1A2/CHST11/SUOX/CHST13/SULT1A1"
"KEGG_ARGININE_AND_PROLINE_METABOLISM",0.286089238845144,0.581210266070167,0.130777137971974,0.364098696731255,1.08357807350647,52,"ODC1/PYCR2/ALDH9A1/ALDH4A1/AOC1/ALDH2/OAT/ACY1/NOS3/GOT2/GAMT"
"KEGG_ENDOCYTOSIS",0.283072546230441,0.581210266070167,0.0916795246008379,-0.331414197893671,-1.08179435583032,178,"AGAP1/PARD3/CHMP3/SH3KBP1/PIP5K1B/GIT1/EPN3/RUFY1/TFRC/AP2S1/USP8/EPS15/STAM2/EPN2/TSG101/ARFGAP3/PDCD6IP/RAB11FIP4/CBLB/SH3GLB1/KDR/IQSEC1/PRKCZ/PLD1/WWP1/FGFR4/DNM1L/GRK1/DNM2/VPS37B/EGF/PIP4K2B/ARRB1/SMURF2/EEA1/RABEP1/PSD3/GIT2/ASAP3/TRAF6/ADRB2/RNF41/ARAP2/NEDD4/ITCH"
"KEGG_GNRH_SIGNALING_PATHWAY",0.289051094890511,0.581210266070167,0.0919686140000427,-0.357987086704375,-1.10145154079777,100,"ADCY9/SOS1/MAP2K2/PLA2G2A/MAPK9/PLA2G12A/PLA2G12B/PRKCD/CGA/GRB2/PLD1/MAPK1"
"KEGG_N_GLYCAN_BIOSYNTHESIS",0.286173633440514,0.581210266070167,0.0982123351217438,-0.417817815342589,-1.13523569392255,46,"RPN1/MAN2A2/DPAGT1/B4GALT3/ALG5/ALG3/RFT1/ALG2/ST6GAL1/STT3B/MAN1A2"
"KEGG_O_GLYCAN_BIOSYNTHESIS",0.283806343906511,0.581210266070167,0.100990587455923,-0.448356606570463,-1.14093028008329,29,"GALNT1/ST3GAL2/GCNT3/GCNT1/ST3GAL1/GALNT9/GALNT15/GALNTL6/B4GALT5"
"KEGG_ABC_TRANSPORTERS",0.317434210526316,0.584619757075331,0.0934449219410994,-0.412670490304604,-1.10797455348003,44,"ABCB6/ABCG8/CFTR/ABCC9/ABCC2/ABCG5/ABCA8/ABCD2/TAP2/ABCA9/ABCB7/ABCB1/ABCB9/ABCA1/ABCG1"
"KEGG_ASTHMA",0.334963325183374,0.584619757075331,0.114750719227023,0.419862892388755,1.08825458064908,27,"HLA-DRA/HLA-DQA1/HLA-DRB1/HLA-DPB1/HLA-DQB1/HLA-DPA1/FCER1A/TNF/HLA-DMA/IL13/HLA-DRB5/MS4A2"
"KEGG_BASE_EXCISION_REPAIR",0.304201680672269,0.584619757075331,0.0972150808846466,-0.428287455102896,-1.11734620825505,34,"NEIL3/PARP1/PCNA/MBD4/HMGB1/LIG3/PARP4/POLD2/XRCC1/POLE/APEX1/POLE3/POLD4"
"KEGG_DRUG_METABOLISM_CYTOCHROME_P450",0.300275482093664,0.584619757075331,0.130777137971974,0.335169548666792,1.06010764342728,70,"ALDH3B2/GSTO1/MGST3/GSTM5/GSTM2/ALDH3B1/FMO4/GSTP1/ADH5/CYP3A5/CYP2D6/MGST2/GSTZ1/GSTM1/GSTO2/GSTK1/GSTT1"
"KEGG_GLUTATHIONE_METABOLISM",0.337641357027464,0.584619757075331,0.0888945288620449,-0.392706720801031,-1.08067617036432,49,"PGD/IDH1/MGST1/GGCT/GCLC/GSTM4/GCLM/GSR/GPX3/IDH2/RRM2B/ANPEP/GSTM3/G6PD/RRM2/OPLAH/GSTT2"
"KEGG_GLYCINE_SERINE_AND_THREONINE_METABOLISM",0.300168634064081,0.584619757075331,0.0982123351217438,-0.440622265863606,-1.13021733326799,31,"CHDH/GNMT/DMGDH/SHMT1/CBS"
"KEGG_GLYCOLYSIS_GLUCONEOGENESIS",0.309409888357257,0.584619757075331,0.0931454575337804,-0.382723534542062,-1.09118471488756,61,"PDHA2/LDHAL6A/ADH1B/HK3/BPGM/LDHA/PGM2/ADH1A/PKM/PGAM2/PCK1/ADH1C/FBP2/ACSS2/ALDOC/PFKM/HK1/ADH4/PDHB/GCK/HK2"
"KEGG_GLYCOSAMINOGLYCAN_DEGRADATION",0.319347319347319,0.584619757075331,0.114750719227023,0.4488700568485,1.11619437238719,21,"IDUA/SGSH/HEXB/HEXA/HYAL4/GUSB/SPAM1"
"KEGG_LONG_TERM_DEPRESSION",0.329639889196676,0.584619757075331,0.124434168630393,0.335657062940965,1.04971362622053,67,"PPP2R1A/GNAS/GNAI2/PLA2G4B/GRIA3/PLA2G6/IGF1/JMJD7-PLA2G4B/GNAI3/ITPR1/PPP2CB/GRM1"
"KEGG_PANTOTHENATE_AND_COA_BIOSYNTHESIS",0.302207130730051,0.584619757075331,0.0982123351217438,-0.508050919895154,-1.13392173548223,16,"BCAT1/PANK4/PANK3/ENPP1/VNN2/DPYS"
"KEGG_PRIMARY_IMMUNODEFICIENCY",0.325980392156863,0.584619757075331,0.116739204791222,0.396220723113783,1.07938171846173,35,"UNG/RFXANK/ZAP70/RFXAP/CD4/CD79A/CD3E/LCK"
"KEGG_STEROID_BIOSYNTHESIS",0.333901192504259,0.584619757075331,0.0925528864684773,-0.489039838801207,-1.10572414922006,17,"NSDHL/DHCR7/CEL/CYP51A1/DHCR24/SOAT1"
"KEGG_STEROID_HORMONE_BIOSYNTHESIS",0.312020460358056,0.584619757075331,0.122679189568808,0.358881909638428,1.08135148845668,54,"HSD17B8/CYP11A1/SRD5A1/CYP1B1/HSD11B2/CYP3A5"
"KEGG_VALINE_LEUCINE_AND_ISOLEUCINE_BIOSYNTHESIS",0.317117117117117,0.584619757075331,0.0988903007520636,-0.610220534833922,-1.15672891095717,8,"PDHA2/BCAT1/PDHB/IARS2"
"KEGG_VEGF_SIGNALING_PATHWAY",0.331797235023041,0.584619757075331,0.0870515867946735,-0.361961432147675,-1.06297927101664,75,"PIK3CB/MAP2K2/PLA2G2A/PLA2G12A/PLA2G12B/MAPKAPK3/KDR/PTK2/PPP3CA/PPP3CB/MAPK1/BAD/PPP3R1/AKT2/AKT3/PPP3CC/RAF1/KRAS/PIK3CA/PIK3CD/CHP1/MAPK14/PPP3R2/MAPK13"
"KEGG_HYPERTROPHIC_CARDIOMYOPATHY_HCM",0.342105263157895,0.586914534041526,0.12563992130984,0.321870039693157,1.03926575526747,81,"LAMA2/SGCA/PRKAB1/TGFB2/TNNI3/MYL2/ACTB/PRKAG3/ITGA8/IGF1/ITGA10/ACE/TPM1/TGFB3/ITGB4/PRKAA2/ACTC1/ACTG1/CACNA2D2/MYH7/CACNB3/TNF/ITGB8/TPM3/SGCG"
"KEGG_LINOLEIC_ACID_METABOLISM",0.348914858096828,0.590053228351101,0.0888945288620449,-0.420361938637305,-1.06175605320766,28,"PLA2G2A/PLA2G12A/PLA2G12B"
"KEGG_NON_SMALL_CELL_LUNG_CANCER",0.350245499181669,0.590053228351101,0.0875697115548511,-0.382651352565397,-1.06558478425552,54,"SOS1/PIK3CB/MAP2K2/RXRA/GRB2/MAPK1/EGF/ERBB2/BAD/E2F2/CDK6/TGFA/AKT2/AKT3/RAF1"
"KEGG_GLYCOSAMINOGLYCAN_BIOSYNTHESIS_KERATAN_SULFATE",0.359454855195911,0.600161231443174,0.0883594442500905,-0.504859674240288,-1.10132636893304,14,"B4GALT4/B3GNT7/B4GALT3/ST3GAL2/ST3GAL1"
"KEGG_TASTE_TRANSDUCTION",0.378947368421053,0.627107591988822,0.11146266692298,0.363196231270459,1.05206211357115,46,"GNB3/GNAS/TAS2R31/ADCY6/CACNA1A/GNG3/TRPM5/PDE1A/ASIC2/GNAT3/TAS2R5/ITPR3/TAS2R43/ADCY4"
"KEGG_NON_HOMOLOGOUS_END_JOINING",0.394463667820069,0.640797413793104,0.0840745577910723,-0.512858341732245,-1.07416378198013,12,"NHEJ1/LIG4/XRCC4/POLM/DCLRE1C/RAD50"
"KEGG_ONE_CARBON_POOL_BY_FOLATE",0.391822827938671,0.640797413793104,0.0835990603684159,-0.460363527774818,-1.0408867124784,17,"GART/SHMT1/TYMS/ALDH1L1/MTHFS"
"KEGG_SNARE_INTERACTIONS_IN_VESICULAR_TRANSPORT",0.3975,0.640797413793104,0.105125131597001,0.373225657268061,1.03496641487586,38,"VAMP2/SNAP47/STX1B/BET1L/SEC22B/STX4/STX11/STX16/GOSR1"
"KEGG_ALANINE_ASPARTATE_AND_GLUTAMATE_METABOLISM",0.42716049382716,0.645191043093583,0.0999276973731092,0.387204478437376,1.02078339644381,30,"NIT2/CAD/ALDH4A1/ABAT"
"KEGG_COLORECTAL_CANCER",0.432907348242812,0.645191043093583,0.0749278818393739,-0.355384656686736,-1.01425473382023,62,"PIK3CB/MAPK9/CYCS/GSK3B/BIRC5/APPL1/MSH6/TCF7/MAPK1/AXIN1/TGFBR2/MLH1/BAD/AKT2/AKT3/RAF1/APC"
"KEGG_FC_GAMMA_R_MEDIATED_PHAGOCYTOSIS",0.436578171091445,0.645191043093583,0.0704500850658419,-0.334073788552319,-1.01715730011885,93,"PIK3CB/PLA2G4F/PIP5K1B/WASF1/PRKCD/RPS6KB1/FCGR3A/PLD1/MAPK1/DNM1L/DNM2/PIP4K2B/ASAP3/AKT2/FCGR1A/AKT3/HCK/RAF1"
"KEGG_GLYOXYLATE_AND_DICARBOXYLATE_METABOLISM",0.414043583535109,0.645191043093583,0.100633389423036,0.462958803837128,1.04135214300772,15,"HYI/GRHPR/MDH1/MTHFD2/MTHFD2L"
"KEGG_JAK_STAT_SIGNALING_PATHWAY",0.436666666666667,0.645191043093583,0.11776578836269,0.290373015812174,1.01618180886889,144,"CTF1/JAK2/SOCS2/CCND2/SPRY1/SPRY4/IL11RA/SPRY2/STAT5A/SPRED2/CCND1/LEPR/CISH/PIAS3/IL23A/PTPN11/IRF9/IL11/EPO/SOCS1/STAT4/IFNA14/AKT1"
"KEGG_LIMONENE_AND_PINENE_DEGRADATION",0.438177874186551,0.645191043093583,0.0908241419007155,0.504384012880909,1.03468784594248,9,"ALDH9A1/ALDH2"
"KEGG_METABOLISM_OF_XENOBIOTICS_BY_CYTOCHROME_P450",0.407821229050279,0.645191043093583,0.110564716336619,0.322289907255949,1.01003488176236,68,"ALDH3B2/GSTO1/MGST3/GSTM5/GSTM2/ALDH3B1/CYP1B1/GSTP1/ADH5/CYP3A5/MGST2/GSTZ1/GSTM1/GSTO2/GSTK1/GSTT1"
"KEGG_PORPHYRIN_AND_CHLOROPHYLL_METABOLISM",0.43424317617866,0.645191043093583,0.0992333343771191,0.364082851742168,1.01399321843625,39,"PPOX/BLVRA/UROD/COX15/ALAS1/ALAS2/GUSB"
"KEGG_PPAR_SIGNALING_PATHWAY",0.428571428571429,0.645191043093583,0.0739901439101341,-0.352862212557089,-1.02506288615006,68,"ME1/PPARG/DBI/RXRA/FABP4/UCP1/PCK1/PLIN1/FABP6/CYP4A22/SCD/ADIPOQ/EHHADH/HMGCS2/ACSL3/ACSL1/SLC27A4/FABP7/SCD5/PLTP/CYP4A11/UBC"
"KEGG_PRIMARY_BILE_ACID_BIOSYNTHESIS",0.404358353510896,0.645191043093583,0.102080107662747,0.459109301795646,1.05527138112262,16,"CYP46A1/CYP27A1/HSD3B7/CH25H"
"KEGG_PRION_DISEASES",0.410774410774411,0.645191043093583,0.080419996876154,-0.392316155241885,-1.03043357181461,35,"MAP2K2/NCAM1/STIP1/MAPK1/LAMC1/NCAM2/C1QB/C5/ELK1"
"KEGG_AMINOACYL_TRNA_BIOSYNTHESIS",0.464285714285714,0.64998262078554,0.0928481214159878,0.398057045656041,0.990811549543467,22,"TARS2/VARS2/HARS2"
"KEGG_AMINO_SUGAR_AND_NUCLEOTIDE_SUGAR_METABOLISM",0.476190476190476,0.64998262078554,0.0714786287425507,-0.365955774714186,-0.983539238053602,42,"HK3/PGM2/NANS/UXS1/GNE/NANP/GALK2/GNPDA2/NPL/GALK1/CMAS/HK1/GNPNAT1/UGP2/GCK/HK2/GFPT2/GNPDA1/GMPPB"
"KEGG_AXON_GUIDANCE",0.471337579617834,0.64998262078554,0.109684061970549,0.28802884843006,0.995510127390035,128,"SEMA4C/RAC1/PAK4/GNAI2/SEMA3B/CDC42/EPHA3/SEMA4A/EFNA1/ABL1/SEMA5B/SRGAP2/CXCR4/GNAI3/SLIT2/SEMA6C/RGS3/NGEF/EPHA7/RAC3/SEMA3G/SLIT3/UNC5B/FES/PLXNA2/NFATC2/ROBO3/SRGAP3/EFNA3/NFATC1/PLXNB3/DPYSL2/ROBO2"
"KEGG_INOSITOL_PHOSPHATE_METABOLISM",0.453355155482815,0.64998262078554,0.0738052724171275,-0.361288464357257,-1.00609468061488,54,"ITPK1/PIK3CB/PLCD3/PIP5K1B/IMPA2/ITPKA/ITPKB/PIP4K2B/PIK3C2A/PIP4K2C/INPPL1/INPP1/PLCB2/PIK3CA/PIK3CD"
"KEGG_RENIN_ANGIOTENSIN_SYSTEM",0.460240963855422,0.64998262078554,0.0940503465727813,0.437690471164937,1.01753854618573,17,"MME/CMA1/ACE/CTSG/CPA3/AGT/AGTR2"
"KEGG_SPHINGOLIPID_METABOLISM",0.462962962962963,0.64998262078554,0.0741758965588009,-0.379543760579834,-0.99688638270095,35,"SGPP2/B4GALT6/ASAH2/SGMS1/GALC/CERK/ACER3"
"KEGG_SYSTEMIC_LUPUS_ERYTHEMATOSUS",0.463476070528967,0.64998262078554,0.096240602328129,0.32947093426982,0.997051954351862,55,"ACTN2/HLA-DRA/HLA-DQA1/ACTN4/HLA-DRB1/HLA-DPB1/HLA-DQB1/HLA-DPA1/CTSG/FCGR3B/TNF/HLA-DMA/HLA-DRB5"
"KEGG_TOLL_LIKE_RECEPTOR_SIGNALING_PATHWAY",0.446902654867257,0.64998262078554,0.0692836467392548,-0.326350607367563,-0.992521533529618,92,"TAB2/PIK3CB/MAP2K2/MAPK9/LBP/SPP1/MAP3K8/IRAK1/MAPK1/CD14/TRAF6/AKT2/AKT3/TBK1/MAP2K6/PIK3CA/TLR6/PIK3CD/TLR4/MAPK14/CHUK/MAPK13"
"KEGG_TYROSINE_METABOLISM",0.476190476190476,0.64998262078554,0.0943563635421779,0.356975193611872,0.997939426213612,40,"TYRP1/ALDH3B2/HEMK1/ALDH3B1/AOC3/ADH5/GSTZ1/HGD/GOT2/LCMT1/METTL2B"
"KEGG_VALINE_LEUCINE_AND_ISOLEUCINE_DEGRADATION",0.474093264248705,0.64998262078554,0.0965629554309422,0.352595948787019,0.993821356561264,43,"IVD/BCKDHA/ALDH9A1/ACAD8/PCCB/ACADS/ABAT/DLD/HMGCL/ALDH2"
"KEGG_BASAL_CELL_CARCINOMA",0.503778337531486,0.670402656704027,0.0913924325943768,0.322539175128751,0.976074917290866,55,"CTNNB1/WNT9A/BMP4/FZD1/BMP2/SMO/FZD7/WNT10B/HHIP/LEF1/WNT16/APC2/GLI2"
"KEGG_COMPLEMENT_AND_COAGULATION_CASCADES",0.523291925465838,0.670402656704027,0.0640703750499722,-0.332934359617564,-0.967172577349543,68,"SERPINA5/TFPI/CD59/C3/KNG1/A2M/F13A1/F5/C4BPB/CFI/C1QB/MASP2/F11/C5"
"KEGG_GLIOMA",0.509493670886076,0.670402656704027,0.0662842187012672,-0.338893064147128,-0.974776612206494,65,"SOS1/PIK3CB/MAP2K2/GRB2/MTOR/MAPK1/EGF/E2F2/CDK6/TGFA/AKT2/AKT3/RAF1/CAMK2A/KRAS/PIK3CA/PIK3CD/SHC3/SOS2"
"KEGG_GLYCOSPHINGOLIPID_BIOSYNTHESIS_GANGLIO_SERIES",0.513317191283293,0.670402656704027,0.0880945010398517,0.429685188436831,0.966508441115608,15,"ST6GALNAC4/HEXB/HEXA/ST8SIA5"
"KEGG_GLYCOSPHINGOLIPID_BIOSYNTHESIS_GLOBO_SERIES",0.510843373493976,0.670402656704027,0.0880945010398517,0.434272969799327,0.964784650326113,14,"HEXB/HEXA/B3GALT5/FUT1"
"KEGG_GLYCOSPHINGOLIPID_BIOSYNTHESIS_LACTO_AND_NEOLACTO_SERIES",0.510688836104513,0.670402656704027,0.0873098257637931,0.379964728412208,0.968594425436349,25,"ST3GAL6/B3GNT5/FUT4/B3GNT2/B4GALT2/B3GALT5/FUT1/ST3GAL3"
"KEGG_LEISHMANIA_INFECTION",0.523415977961432,0.670402656704027,0.0943563635421779,0.305857300847166,0.967395945472541,70,"JAK2/JUN/HLA-DRA/HLA-DQA1/TGFB2/HLA-DRB1/HLA-DPB1/HLA-DQB1/MAPK12/HLA-DPA1/TGFB3/NFKBIA/FCGR3B/FOS/TNF/HLA-DMA/PTGS2/HLA-DRB5"
"KEGG_NATURAL_KILLER_CELL_MEDIATED_CYTOTOXICITY",0.496794871794872,0.670402656704027,0.106729884364606,0.291098930752928,0.993153162019533,121,"HLA-E/SHC2/PLCG1/RAC1/KLRD1/HLA-A/HLA-B/HLA-C/ZAP70/HLA-G/HCST/LAT/ICAM2/PTPN11/PRF1/KLRK1/CD48/RAC3/TNFRSF10C/CASP3/IFNA14/NFATC2/MICB/LCK/FCGR3B"
"KEGG_PHOSPHATIDYLINOSITOL_SIGNALING_SYSTEM",0.523291925465838,0.670402656704027,0.0640703750499722,-0.329089758230788,-0.967054613532388,76,"ITPK1/PIK3CB/PLCD3/PIP5K1B/IMPA2/ITPKA/ITPKB/PIP4K2B/PIK3C2A/PIP4K2C/DGKE/ITPR2/INPPL1/INPP1/PLCB2/PIK3CA/PIK3CD"
"KEGG_FATTY_ACID_METABOLISM",0.527093596059113,0.670520424918736,0.066436413766281,-0.355672088075079,-0.955900900253607,42,"ADH1B/ADH1A/ACAA2/HADHB/ADH1C/ACAT2/CYP4A22/EHHADH/ACSL3/ADH4/ACSL1/CYP4A11/ECI2/ACSL6/HADHA"
"KEGG_ASCORBATE_AND_ALDARATE_METABOLISM",0.555819477434679,0.702169758291175,0.0826646449123753,0.368105550721995,0.938363373598983,25,"ALDH9A1/ALDH2"
"KEGG_DILATED_CARDIOMYOPATHY",0.562314540059347,0.702169758291175,0.0584693210386381,-0.313074475746971,-0.946178582777635,88,"ADCY9/TTN/CACNA2D3/MYH6/ITGB1/ITGA11/CACNB2/TPM2/SGCB/ATP2A2"
"KEGG_PENTOSE_PHOSPHATE_PATHWAY",0.563237774030354,0.702169758291175,0.0645031249656493,-0.370203937049249,-0.921554703670268,27,"PGD/TKT/PGM2/FBP2/G6PD/ALDOC/PFKM/RPEL1/FBP1/TALDO1"
"KEGG_ARRHYTHMOGENIC_RIGHT_VENTRICULAR_CARDIOMYOPATHY_ARVC",0.5859375,0.722496166451186,0.0589694466690997,-0.322569108123344,-0.942908339538271,73,"CACNA2D3/DSP/ITGB1/ITGA11/CACNB2/DSC2/SGCB/ATP2A2/CTNNA1/TCF7/PKP2/JUP/CACNA2D4/DES/ITGA2"
"KEGG_CALCIUM_SIGNALING_PATHWAY",0.609308885754584,0.722496166451186,0.0523759084097997,-0.28782858031834,-0.940978264066703,177,"ADCY9/VDAC1/PLCD3/CD38/GNAL/PHKA2/CACNA1E/GRIN2A/NTSR1/PPP3CA/PPID/ATP2A2/CHRNA7/PPP3CB/ITPKA/ITPKB/ERBB2/ADRA1A/PTGER3/NOS1/ADRB2/PPP3R1/ITPR2/PPP3CC/P2RX5/PTAFR/GNA15/P2RX7/PLCB2/CAMK2A/CYSLTR2/CACNA1D/ATP2B1/GNAQ/EDNRB/CHP1/ERBB3/CACNA1B/PPP3R2/PHKG1"
"KEGG_FOLATE_BIOSYNTHESIS",0.608108108108108,0.722496166451186,0.0751181635276301,0.426040722864132,0.88733897965362,10,"FPGS/PTS"
"KEGG_GALACTOSE_METABOLISM",0.610451306413302,0.722496166451186,0.0776798560117236,0.354916321646635,0.904741795586782,25,"GAA/GALT/PFKP/B4GALT2/PGM1"
"KEGG_HOMOLOGOUS_RECOMBINATION",0.607809847198642,0.722496166451186,0.0611692626746689,-0.35944813399066,-0.885879769548113,26,"BLM/XRCC2/POLD2/BRCA2/RAD51C/SSBP1/RAD50/TOP3B/POLD4/RAD52"
"KEGG_REGULATION_OF_ACTIN_CYTOSKELETON",0.59697386519945,0.722496166451186,0.0521630305460055,-0.283035740178725,-0.942681143322825,208,"PPP1CC/SOS1/PIK3CB/FGF7/MAP2K2/PIP5K1B/RDX/GIT1/WASF1/FGF10/PPP1R12A/ITGB1/ITGA11/SSH2/ROCK1/CSK/PTK2/FGFR4/MAPK1/EGF/PIP4K2B/INSRR/DIAPH2/PIP4K2C/PFN2/FGF20/CD14/NCKAP1/GNA12/ITGA2/IQGAP3/PFN1/FGF16/RAF1/APC/ROCK2/ITGB6/FGF11/MRAS/KRAS/PIK3CA/EZR"
"KEGG_STARCH_AND_SUCROSE_METABOLISM",0.593949044585987,0.722496166451186,0.059221919380382,-0.328932356077531,-0.915183110077862,51,"HK3/PGM2/UXS1/PYGL/GYS2/PYGM/PGM2L1/AGL/HK1/UGP2/GCK/ENPP1/HK2"
"KEGG_THYROID_CANCER",0.604340567612688,0.722496166451186,0.060640400949416,-0.354632401265405,-0.90243087527419,29,"MAP2K2/PPARG/RXRA/TCF7/MAPK1"
"KEGG_REGULATION_OF_AUTOPHAGY",0.617433414043584,0.72616382657956,0.0780892306943345,0.353280064625773,0.904837103446616,26,"GABARAPL2/ULK1/ATG4B/PIK3C3/ATG7/GABARAPL1/PIK3R4/PRKAA2/IFNA14"
"KEGG_PROTEIN_EXPORT",0.62291169451074,0.728028042959427,0.0768736734126542,0.354668994084778,0.888965500151316,23,"OXA1L/SPCS1/SEC61G/SPCS2"
"KEGG_PURINE_METABOLISM",0.626972740315638,0.728222996515679,0.0518457624865066,-0.290953767516342,-0.935561177771981,153,"ADCY9/NUDT5/PNPT1/PDE4A/PKM/AK2/PRIM1/GUCY1A2/POLA2/ENTPD6/GART/PDE11A/ENTPD4/POLR3B/IMPDH1/GDA/POLD2/POLR3H/POLR1D/NUDT9/NME1-NME2/RRM2B/POLR1B/POLR2B/POLR2D/POLE/PDE4D/RRM2/IMPDH2/POLA1/NME6/PDE7B/AK1/PDE2A/ENPP1/POLR3G/URAD/ENTPD5/POLR2J2/GMPR/POLE3/POLD4"
"KEGG_DORSO_VENTRAL_AXIS_FORMATION",0.637901861252115,0.734429824561403,0.0587185879555941,-0.359599555631798,-0.872698004844274,24,"SOS1/GRB2/MAPK1/SPIRE1/ETS1/KRAS/SOS2"
"KEGG_MELANOGENESIS",0.647314949201742,0.734429824561403,0.0509082865515105,-0.294012528703185,-0.90743929250643,101,"ADCY9/DVL1/MAP2K2/CREB1/WNT5A/FZD5/GSK3B/CREB3L1/TCF7/MAPK1/FZD9/CREBBP/RAF1/GNAO1/PLCB2/CAMK2A/WNT7B/KRAS/WNT6/KITLG/GNAQ/EDNRB"
"KEGG_NUCLEOTIDE_EXCISION_REPAIR",0.648026315789474,0.734429824561403,0.0566484183613995,-0.33142060623249,-0.889827615086985,44,"RFC1/PCNA/RFC4/ERCC1/XPA/POLD2/ERCC6/POLE/ERCC8/POLE3/POLD4/MNAT1"
"KEGG_P53_SIGNALING_PATHWAY",0.647151898734177,0.734429824561403,0.0549073703290958,-0.312160095164607,-0.89788311482972,65,"STEAP3/EI24/CCNE1/CYCS/BID/GTSE1/CHEK2/TP73/CDK6/ATM/CCNB2/RRM2B/CHEK1/RRM2"
"KEGG_CHEMOKINE_SIGNALING_PATHWAY",0.664772727272727,0.74438622754491,0.048701086452153,-0.280377791836919,-0.917627920837487,183,"ADCY9/PARD3/SOS1/PIK3CB/STAT3/PRKCD/CCR1/GSK3B/CCL11/GNB1/GRB2/ROCK1/CSK/PTK2/PRKCZ/MAPK1/GRK1/ARRB1/XCL2/GNG5/RASGRP2/CCL19/XCL1/AKT2/AKT3/CXCL6/HCK/RAF1/CCL2/GRK5/ROCK2/PLCB2/KRAS/ARRB2/PIK3CA"
"KEGG_CHRONIC_MYELOID_LEUKEMIA",0.6640625,0.74438622754491,0.0531298054705469,-0.308964765498957,-0.903141208119209,73,"SOS1/PIK3CB/MAP2K2/CBLB/GRB2/MAPK1/TGFBR2/BAD/E2F2/CDK6/AKT2/AKT3/RAF1/KRAS/PIK3CA/BCR/PIK3CD/SHC3/SOS2/CHUK"
"KEGG_ALDOSTERONE_REGULATED_SODIUM_REABSORPTION",0.674342105263158,0.750606986215539,0.0547939500773363,-0.324818534817234,-0.868212289925201,41,"PIK3CB/NR3C2/KCNJ1/MAPK1/FXYD2/IRS1/KRAS/PIK3CA/PIK3CD"
"KEGG_GLYCEROLIPID_METABOLISM",0.681347150259067,0.753008130081301,0.0764767053228531,0.311865046269889,0.879017879854305,43,"ALDH9A1/LPL/DGKG/AKR1A1/AGPAT4/ALDH2/DGKH/MGLL/DGKZ/DGKQ/AGPAT1/DGKD/DGKB"
"KEGG_RIG_I_LIKE_RECEPTOR_SIGNALING_PATHWAY",0.684552845528455,0.753008130081301,0.0535669384770951,-0.312780555031712,-0.878945772388011,58,"MAPK9/TANK/SIKE1/RNF125/TRIM25/ATG5/AZI2/TRAF6/MAVS/TBK1/MAPK14/CHUK/DDX3X/MAPK13"
"KEGG_DRUG_METABOLISM_OTHER_ENZYMES",0.69551282051282,0.76059004348478,0.0521630305460055,-0.30986664040927,-0.858499823000183,50,"CES5A/TK1/UCK1/CES2/IMPDH1/TPMT/IMPDH2/NAT1/DPYS/UGT2B10/CYP3A43"
"KEGG_ADIPOCYTOKINE_SIGNALING_PATHWAY",0.705329153605016,0.766840417000802,0.0504983044100709,-0.301500545676163,-0.872177561834944,66,"STAT3/MAPK9/RXRA/ACACB/PRKAG2/MTOR/ADIPOR1/LEP/PCK1/PPARGC1A/PRKAA1/AKT2/AKT3/ADIPOQ/ACSL3/ACSL1/SLC2A1/IRS1"
"KEGG_FRUCTOSE_AND_MANNOSE_METABOLISM",0.709443099273608,0.766854679561645,0.0709609456938284,0.320217178329881,0.859850363513202,32,"TPI1/ALDOA/PFKP/PHPT1/PMM1"
"KEGG_NITROGEN_METABOLISM",0.713550600343053,0.766861852092822,0.0541200569620232,-0.346960179529536,-0.8320737584054,23,"CA14/CA6"
"KEGG_HEDGEHOG_SIGNALING_PATHWAY",0.735197368421053,0.785610902255639,0.0508054139066364,-0.303561364242892,-0.846002126180109,56,"BMP7/CSNK1A1L/WNT5A/GSK3B/BTRC/PTCH1"
"KEGG_PEROXISOME",0.739663093415008,0.785892036753446,0.0472587336673259,-0.289300412108823,-0.85460920410675,77,"PRDX1/IDH1/SOD2/PEX2/NUDT12/PMVK/FAR1/PECR/IDH2/PEX11A/ABCD2/DDO/HSD17B4/EHHADH/ACSL3/ACSL1/PXMP2/ECI2/PAOX/AMACR/AGXT"
"KEGG_ARACHIDONIC_ACID_METABOLISM",0.783171521035599,0.827418499625181,0.0471642455670861,-0.295751471569507,-0.826739833005554,57,"PLA2G2A/PLA2G12A/PLA2G12B/GPX3/CYP4F2/ALOX12/PTGES/CYP4A22/LTA4H/AKR1C3/CYP4A11/GPX1/GGT6/CBR1/ALOX5"
"KEGG_BIOSYNTHESIS_OF_UNSATURATED_FATTY_ACIDS",0.799522673031026,0.839947976723606,0.0643583367917361,0.316145477633583,0.773997773598843,20,"TECR/ACOT4/ACOT1/ACOT2/FADS2"
"KEGG_SELENOAMINO_ACID_METABOLISM",0.808798646362098,0.844946071897834,0.0477342401407188,-0.318009641980657,-0.771765080716415,24,"SEPHS1/AHCY/AHCYL1/CBS"
"KEGG_BUTANOATE_METABOLISM",0.857142857142857,0.885556432517758,0.044774889329693,-0.292780628012904,-0.763826539075623,34,"PDHA2/L2HGDH/ACAT2/ACSM2A/OXCT2/EHHADH/HMGCS2/PDHB"
"KEGG_RETINOL_METABOLISM",0.856230031948882,0.885556432517758,0.0425023180036553,-0.273491299103677,-0.780534104540872,62,"ADH1B/ADH1A/ADH1C/CYP4A22/DGAT2/RETSAT/DHRS4L2/ADH4/CYP4A11/UGT2B10/CYP3A43/AWAT2/PNPLA4/UGT2B15/UGT2A1/CYP1A1/RDH11/UGT1A10/UGT2B28/CYP2C18"
"KEGG_TERPENOID_BACKBONE_BIOSYNTHESIS",0.869269949066214,0.893150991622978,0.0445961615888961,-0.314155831230046,-0.690487469168237,15,"PMVK/ACAT2/HMGCS2/GGPS1"
"KEGG_CYTOSOLIC_DNA_SENSING_PATHWAY",0.888324873096447,0.902808430809976,0.062249042949858,0.266358263391229,0.765236685752206,44,"CCL5/IRF3/IRF7/IL33/NFKBIA/IFNA14/TREX1/CCL4/POLR3F/CCL4L2/IL6/ZBP1/ADAR/IFNA5/POLR3C"
"KEGG_MATURITY_ONSET_DIABETES_OF_THE_YOUNG",0.884940778341794,0.902808430809976,0.0436251240000606,-0.294158477217987,-0.713881627926759,24,"NR5A2/FOXA3/GCK/ONECUT1/HNF4G/BHLHA15/HNF1A/HNF1B/NEUROG3"
"KEGG_PENTOSE_AND_GLUCURONATE_INTERCONVERSIONS",0.934891485809683,0.944998420791409,0.0404934829859503,-0.269464289158387,-0.680616663498816,28,"RPEL1/UGP2/UGT2B10/UGT2B15/UGT2A1/UGT1A10/UGT2B28/UGT2B4/UGDH/UGT1A6/UGT2A3"
"KEGG_NEUROACTIVE_LIGAND_RECEPTOR_INTERACTION",0.97165991902834,0.976883897087632,0.0285038599247822,-0.233292743947219,-0.791786605679318,265,"PARD3/S1PR3/SSTR2/CRHR2/GABRR2/GLP2R/OPRK1/CGA/GRIN2A/NMUR2/LPAR3/PTH1R/P2RY2/GABRB3/NTSR1/CHRNA10/CHRNA7/CHRNA4/SSTR5/LEP/ADORA3/CALCRL/ADRA1A/PTGER3/HCRTR1/ADRB2/RXFP2/GRIK5/GABBR2/P2RX5/HTR1F/P2RY1"
"KEGG_OLFACTORY_TRANSDUCTION",0.995738636363636,0.995738636363636,0.0298484971250709,-0.215951349542566,-0.706771340855893,183,"GNAL/OR2A4/OR13A1/OR4N2/OR52W1/OR10P1/CAMK2A/OR52E6/ARRB2/OR4S1/OR6C70/OR51E2/OR4D6/OR2A7/OR5B17/OR9G1/OR9Q2/OR13C4/OR6Y1/OR10V1/OR2V2/OR2C3/OR10K2/CAMK2G/OR4C3/PRKACG/OR4C6/OR52A1/OR2F2/OR7C1/OR10A7/ADCY3/OR1J4/PRKACA/OR6A2/OR2AG2/OR10J1/OR4F4/CLCA4/PRKG1/PDE1C/PRKX/OR9A2/GUCA1A/OR5AC2/OR14C36/OR4A47"
