"CID","Name","Gene","Direction","Entrez"
122361400,NA,"PPP2R1A","up",5518
85051117,NA,"PPP2R1A","up",5518
71509318,NA,"PPP2R1A","up",5518
9576412,NA,"PPP2R1A","up",5518
6438357,NA,"PPP2R1A","up",5518
6326970,NA,"PPP2R1A","up",5518
3032536,NA,"PPP2R1A","up",5518
2871948,NA,"PPP2R1A","up",5518
457193,NA,"PPP2R1A","up",5518
451674,NA,"PPP2R1A","up",5518
446378,NA,"PPP2R1A","up",5518
186907,NA,"PPP2R1A","up",5518
164827,NA,"PPP2R1A","up",5518
155166,NA,"PPP2R1A","up",5518
154083,NA,"PPP2R1A","up",5518
82145,NA,"PPP2R1A","up",5518
73864,NA,"PPP2R1A","up",5518
66166,NA,"PPP2R1A","up",5518
37013,NA,"PPP2R1A","up",5518
24570,NA,"PPP2R1A","up",5518
24424,NA,"PPP2R1A","up",5518
24360,NA,"PPP2R1A","up",5518
23973,NA,"PPP2R1A","up",5518
14985,NA,"PPP2R1A","up",5518
14410,NA,"PPP2R1A","up",5518
12111,NA,"PPP2R1A","up",5518
7362,NA,"PPP2R1A","up",5518
7041,NA,"PPP2R1A","up",5518
6626,NA,"PPP2R1A","up",5518
5234,NA,"PPP2R1A","up",5518
1983,NA,"PPP2R1A","up",5518
712,NA,"PPP2R1A","up",5518
263,NA,"PPP2R1A","up",5518
23986041,NA,"RAB11B","up",9230
6326970,NA,"RAB11B","up",9230
5280961,NA,"RAB11B","up",9230
644019,NA,"RAB11B","up",9230
444795,NA,"RAB11B","up",9230
439501,NA,"RAB11B","up",9230
66166,NA,"RAB11B","up",9230
65064,NA,"RAB11B","up",9230
20393,NA,"RAB11B","up",9230
12111,NA,"RAB11B","up",9230
9723,NA,"RAB11B","up",9230
8289,NA,"RAB11B","up",9230
5641,NA,"RAB11B","up",9230
5311,NA,"RAB11B","up",9230
527,NA,"RAB11B","up",9230
261,NA,"RAB11B","up",9230
25104564,NA,"PRKAB1","up",5564
5284373,NA,"PRKAB1","up",5564
457193,NA,"PRKAB1","up",5564
220401,NA,"PRKAB1","up",5564
186907,NA,"PRKAB1","up",5564
155166,NA,"PRKAB1","up",5564
154083,NA,"PRKAB1","up",5564
119245,NA,"PRKAB1","up",5564
104741,NA,"PRKAB1","up",5564
95170,NA,"PRKAB1","up",5564
65157,NA,"PRKAB1","up",5564
25517,NA,"PRKAB1","up",5564
24823,NA,"PRKAB1","up",5564
24462,NA,"PRKAB1","up",5564
24360,NA,"PRKAB1","up",5564
15625,NA,"PRKAB1","up",5564
14410,NA,"PRKAB1","up",5564
13109,NA,"PRKAB1","up",5564
7847,NA,"PRKAB1","up",5564
6758,NA,"PRKAB1","up",5564
6654,NA,"PRKAB1","up",5564
6618,NA,"PRKAB1","up",5564
6562,NA,"PRKAB1","up",5564
6167,NA,"PRKAB1","up",5564
4156,NA,"PRKAB1","up",5564
3690,NA,"PRKAB1","up",5564
3657,NA,"PRKAB1","up",5564
2519,NA,"PRKAB1","up",5564
2336,NA,"PRKAB1","up",5564
1674,NA,"PRKAB1","up",5564
977,NA,"PRKAB1","up",5564
712,NA,"PRKAB1","up",5564
190,NA,"PRKAB1","up",5564
33,NA,"PRKAB1","up",5564
122361400,NA,"CREB5","up",9586
71662960,NA,"CREB5","up",9586
51033962,NA,"CREB5","up",9586
17754066,NA,"CREB5","up",9586
16682730,NA,"CREB5","up",9586
11524144,NA,"CREB5","up",9586
6509863,NA,"CREB5","up",9586
6433207,NA,"CREB5","up",9586
5388065,NA,"CREB5","up",9586
5284461,NA,"CREB5","up",9586
5284373,NA,"CREB5","up",9586
5280961,NA,"CREB5","up",9586
4521392,NA,"CREB5","up",9586
3007857,NA,"CREB5","up",9586
444795,NA,"CREB5","up",9586
409301,NA,"CREB5","up",9586
186907,NA,"CREB5","up",9586
104741,NA,"CREB5","up",9586
95170,NA,"CREB5","up",9586
68740,NA,"CREB5","up",9586
62805,NA,"CREB5","up",9586
60795,NA,"CREB5","up",9586
24823,NA,"CREB5","up",9586
24462,NA,"CREB5","up",9586
23930,NA,"CREB5","up",9586
13591,NA,"CREB5","up",9586
12111,NA,"CREB5","up",9586
9128,NA,"CREB5","up",9586
8289,NA,"CREB5","up",9586
8063,NA,"CREB5","up",9586
6758,NA,"CREB5","up",9586
6626,NA,"CREB5","up",9586
5994,NA,"CREB5","up",9586
5991,NA,"CREB5","up",9586
5455,NA,"CREB5","up",9586
5426,NA,"CREB5","up",9586
4261,NA,"CREB5","up",9586
4156,NA,"CREB5","up",9586
4098,NA,"CREB5","up",9586
2361,NA,"CREB5","up",9586
2336,NA,"CREB5","up",9586
1983,NA,"CREB5","up",9586
784,NA,"CREB5","up",9586
712,NA,"CREB5","up",9586
544,NA,"CREB5","up",9586
261,NA,"CREB5","up",9586
135564985,NA,"TSC2","up",7249
122361400,NA,"TSC2","up",7249
101644674,NA,"TSC2","up",7249
24875259,NA,"TSC2","up",7249
21944094,NA,"TSC2","up",7249
18293306,NA,"TSC2","up",7249
16725726,NA,"TSC2","up",7249
11524144,NA,"TSC2","up",7249
9962298,NA,"TSC2","up",7249
6326970,NA,"TSC2","up",7249
5371560,NA,"TSC2","up",7249
5281707,NA,"TSC2","up",7249
4521392,NA,"TSC2","up",7249
4053302,NA,"TSC2","up",7249
969516,NA,"TSC2","up",7249
969491,NA,"TSC2","up",7249
644019,NA,"TSC2","up",7249
409301,NA,"TSC2","up",7249
359862,NA,"TSC2","up",7249
186907,NA,"TSC2","up",7249
153557,NA,"TSC2","up",7249
37013,NA,"TSC2","up",7249
24823,NA,"TSC2","up",7249
24612,NA,"TSC2","up",7249
23994,NA,"TSC2","up",7249
14985,NA,"TSC2","up",7249
9444,NA,"TSC2","up",7249
8289,NA,"TSC2","up",7249
7847,NA,"TSC2","up",7249
6758,NA,"TSC2","up",7249
6654,NA,"TSC2","up",7249
6562,NA,"TSC2","up",7249
5455,NA,"TSC2","up",7249
5311,NA,"TSC2","up",7249
4713,NA,"TSC2","up",7249
3385,NA,"TSC2","up",7249
2519,NA,"TSC2","up",7249
1983,NA,"TSC2","up",7249
1863,NA,"TSC2","up",7249
1730,NA,"TSC2","up",7249
784,NA,"TSC2","up",7249
122361400,NA,"PFKP","up",5214
71729975,NA,"PFKP","up",5214
46907787,NA,"PFKP","up",5214
25195294,NA,"PFKP","up",5214
23063810,NA,"PFKP","up",5214
21593892,NA,"PFKP","up",5214
17754066,NA,"PFKP","up",5214
16684434,NA,"PFKP","up",5214
16682730,NA,"PFKP","up",5214
11524144,NA,"PFKP","up",5214
9887054,NA,"PFKP","up",5214
9576412,NA,"PFKP","up",5214
6451139,NA,"PFKP","up",5214
5284373,NA,"PFKP","up",5214
5282165,NA,"PFKP","up",5214
4521392,NA,"PFKP","up",5214
457193,NA,"PFKP","up",5214
446378,NA,"PFKP","up",5214
444732,NA,"PFKP","up",5214
442530,NA,"PFKP","up",5214
409301,NA,"PFKP","up",5214
359862,NA,"PFKP","up",5214
186907,NA,"PFKP","up",5214
155166,NA,"PFKP","up",5214
154083,NA,"PFKP","up",5214
107935,NA,"PFKP","up",5214
104741,NA,"PFKP","up",5214
95170,NA,"PFKP","up",5214
86354,NA,"PFKP","up",5214
73864,NA,"PFKP","up",5214
37013,NA,"PFKP","up",5214
24612,NA,"PFKP","up",5214
24462,NA,"PFKP","up",5214
23930,NA,"PFKP","up",5214
15625,NA,"PFKP","up",5214
14985,NA,"PFKP","up",5214
13591,NA,"PFKP","up",5214
12111,NA,"PFKP","up",5214
9723,NA,"PFKP","up",5214
8417,NA,"PFKP","up",5214
8289,NA,"PFKP","up",5214
7871,NA,"PFKP","up",5214
7362,NA,"PFKP","up",5214
7127,NA,"PFKP","up",5214
6758,NA,"PFKP","up",5214
6626,NA,"PFKP","up",5214
6540,NA,"PFKP","up",5214
6423,NA,"PFKP","up",5214
5311,NA,"PFKP","up",5214
5234,NA,"PFKP","up",5214
4261,NA,"PFKP","up",5214
4156,NA,"PFKP","up",5214
3715,NA,"PFKP","up",5214
3017,NA,"PFKP","up",5214
2519,NA,"PFKP","up",5214
2336,NA,"PFKP","up",5214
977,NA,"PFKP","up",5214
935,NA,"PFKP","up",5214
712,NA,"PFKP","up",5214
263,NA,"PFKP","up",5214
135659046,NA,"SIRT1","up",23411
135440064,NA,"SIRT1","up",23411
133082063,NA,"SIRT1","up",23411
122361400,NA,"SIRT1","up",23411
118984400,NA,"SIRT1","up",23411
118984355,NA,"SIRT1","up",23411
92043599,NA,"SIRT1","up",23411
71662960,NA,"SIRT1","up",23411
56649281,NA,"SIRT1","up",23411
46907787,NA,"SIRT1","up",23411
44144477,NA,"SIRT1","up",23411
25232708,NA,"SIRT1","up",23411
25195294,NA,"SIRT1","up",23411
25114442,NA,"SIRT1","up",23411
25104564,NA,"SIRT1","up",23411
23928102,NA,"SIRT1","up",23411
23725625,NA,"SIRT1","up",23411
21944094,NA,"SIRT1","up",23411
18477728,NA,"SIRT1","up",23411
17754066,NA,"SIRT1","up",23411
16684434,NA,"SIRT1","up",23411
16654980,NA,"SIRT1","up",23411
15558498,NA,"SIRT1","up",23411
15241817,NA,"SIRT1","up",23411
14036811,NA,"SIRT1","up",23411
11815492,NA,"SIRT1","up",23411
11524144,NA,"SIRT1","up",23411
10331844,NA,"SIRT1","up",23411
10111831,NA,"SIRT1","up",23411
10070746,NA,"SIRT1","up",23411
9803963,NA,"SIRT1","up",23411
9793848,NA,"SIRT1","up",23411
6326970,NA,"SIRT1","up",23411
5460048,NA,"SIRT1","up",23411
5353431,NA,"SIRT1","up",23411
5319925,NA,"SIRT1","up",23411
5318997,NA,"SIRT1","up",23411
5311035,NA,"SIRT1","up",23411
5284373,NA,"SIRT1","up",23411
5281807,NA,"SIRT1","up",23411
5281793,NA,"SIRT1","up",23411
5281727,NA,"SIRT1","up",23411
5281717,NA,"SIRT1","up",23411
5281707,NA,"SIRT1","up",23411
5281672,NA,"SIRT1","up",23411
5281643,NA,"SIRT1","up",23411
5281605,NA,"SIRT1","up",23411
5281576,NA,"SIRT1","up",23411
5281222,NA,"SIRT1","up",23411
5280961,NA,"SIRT1","up",23411
5113032,NA,"SIRT1","up",23411
4521392,NA,"SIRT1","up",23411
3246390,NA,"SIRT1","up",23411
3086599,NA,"SIRT1","up",23411
3086007,NA,"SIRT1","up",23411
3034368,NA,"SIRT1","up",23411
3032581,NA,"SIRT1","up",23411
3032536,NA,"SIRT1","up",23411
2827646,NA,"SIRT1","up",23411
2723872,NA,"SIRT1","up",23411
1882365,NA,"SIRT1","up",23411
1548943,NA,"SIRT1","up",23411
667639,NA,"SIRT1","up",23411
462382,NA,"SIRT1","up",23411
457193,NA,"SIRT1","up",23411
449241,NA,"SIRT1","up",23411
446925,NA,"SIRT1","up",23411
442530,NA,"SIRT1","up",23411
441923,NA,"SIRT1","up",23411
312145,NA,"SIRT1","up",23411
176155,NA,"SIRT1","up",23411
163659,NA,"SIRT1","up",23411
159278,NA,"SIRT1","up",23411
145068,NA,"SIRT1","up",23411
124886,NA,"SIRT1","up",23411
122162,NA,"SIRT1","up",23411
104741,NA,"SIRT1","up",23411
104730,NA,"SIRT1","up",23411
65126,NA,"SIRT1","up",23411
65110,NA,"SIRT1","up",23411
65064,NA,"SIRT1","up",23411
32014,NA,"SIRT1","up",23411
24814,NA,"SIRT1","up",23411
24526,NA,"SIRT1","up",23411
24462,NA,"SIRT1","up",23411
24360,NA,"SIRT1","up",23411
23994,NA,"SIRT1","up",23411
23973,NA,"SIRT1","up",23411
23925,NA,"SIRT1","up",23411
22880,NA,"SIRT1","up",23411
19910,NA,"SIRT1","up",23411
15074,NA,"SIRT1","up",23411
14985,NA,"SIRT1","up",23411
12733,NA,"SIRT1","up",23411
10404,NA,"SIRT1","up",23411
10281,NA,"SIRT1","up",23411
9317,NA,"SIRT1","up",23411
8768,NA,"SIRT1","up",23411
8515,NA,"SIRT1","up",23411
8346,NA,"SIRT1","up",23411
8344,NA,"SIRT1","up",23411
8249,NA,"SIRT1","up",23411
6758,NA,"SIRT1","up",23411
6410,NA,"SIRT1","up",23411
6303,NA,"SIRT1","up",23411
6197,NA,"SIRT1","up",23411
6036,NA,"SIRT1","up",23411
5641,NA,"SIRT1","up",23411
5455,NA,"SIRT1","up",23411
5269,NA,"SIRT1","up",23411
5234,NA,"SIRT1","up",23411
5169,NA,"SIRT1","up",23411
4943,NA,"SIRT1","up",23411
4858,NA,"SIRT1","up",23411
3973,NA,"SIRT1","up",23411
3767,NA,"SIRT1","up",23411
3501,NA,"SIRT1","up",23411
3334,NA,"SIRT1","up",23411
3117,NA,"SIRT1","up",23411
2730,NA,"SIRT1","up",23411
2519,NA,"SIRT1","up",23411
2353,NA,"SIRT1","up",23411
2347,NA,"SIRT1","up",23411
2331,NA,"SIRT1","up",23411
2244,NA,"SIRT1","up",23411
1983,NA,"SIRT1","up",23411
1917,NA,"SIRT1","up",23411
1340,NA,"SIRT1","up",23411
985,NA,"SIRT1","up",23411
977,NA,"SIRT1","up",23411
970,NA,"SIRT1","up",23411
962,NA,"SIRT1","up",23411
896,NA,"SIRT1","up",23411
785,NA,"SIRT1","up",23411
784,NA,"SIRT1","up",23411
783,NA,"SIRT1","up",23411
702,NA,"SIRT1","up",23411
544,NA,"SIRT1","up",23411
370,NA,"SIRT1","up",23411
155542324,NA,"CCND1","up",595
137326587,NA,"CCND1","up",595
135743701,NA,"CCND1","up",595
135565684,NA,"CCND1","up",595
135564749,NA,"CCND1","up",595
135536164,NA,"CCND1","up",595
135465539,NA,"CCND1","up",595
135454124,NA,"CCND1","up",595
135418940,NA,"CCND1","up",595
135400486,NA,"CCND1","up",595
135398522,NA,"CCND1","up",595
132010322,NA,"CCND1","up",595
122361400,NA,"CCND1","up",595
112500518,NA,"CCND1","up",595
91865076,NA,"CCND1","up",595
78358496,NA,"CCND1","up",595
73051434,NA,"CCND1","up",595
71600087,NA,"CCND1","up",595
71544003,NA,"CCND1","up",595
71316600,NA,"CCND1","up",595
70089113,NA,"CCND1","up",595
68019246,NA,"CCND1","up",595
57389999,NA,"CCND1","up",595
56947296,NA,"CCND1","up",595
56842239,NA,"CCND1","up",595
56842208,NA,"CCND1","up",595
56841626,NA,"CCND1","up",595
56649281,NA,"CCND1","up",595
54759259,NA,"CCND1","up",595
54702820,NA,"CCND1","up",595
54676228,NA,"CCND1","up",595
54575456,NA,"CCND1","up",595
54215251,NA,"CCND1","up",595
53474706,NA,"CCND1","up",595
53388144,NA,"CCND1","up",595
52994378,NA,"CCND1","up",595
46926973,NA,"CCND1","up",595
46926350,NA,"CCND1","up",595
46907787,NA,"CCND1","up",595
46830365,NA,"CCND1","up",595
46239015,NA,"CCND1","up",595
46213929,NA,"CCND1","up",595
46181428,NA,"CCND1","up",595
45380417,NA,"CCND1","up",595
45375953,NA,"CCND1","up",595
45110781,NA,"CCND1","up",595
44563198,NA,"CCND1","up",595
44462760,NA,"CCND1","up",595
44442376,NA,"CCND1","up",595
44421641,NA,"CCND1","up",595
44246499,NA,"CCND1","up",595
42642645,NA,"CCND1","up",595
42626516,NA,"CCND1","up",595
25243357,NA,"CCND1","up",595
25104564,NA,"CCND1","up",595
25062766,NA,"CCND1","up",595
24875259,NA,"CCND1","up",595
24856041,NA,"CCND1","up",595
24836820,NA,"CCND1","up",595
24785538,NA,"CCND1","up",595
24204050,NA,"CCND1","up",595
21944094,NA,"CCND1","up",595
21628493,NA,"CCND1","up",595
21591148,NA,"CCND1","up",595
21589810,NA,"CCND1","up",595
18477728,NA,"CCND1","up",595
18293306,NA,"CCND1","up",595
17756618,NA,"CCND1","up",595
17754066,NA,"CCND1","up",595
16760394,NA,"CCND1","up",595
16760348,NA,"CCND1","up",595
16760075,NA,"CCND1","up",595
16720766,NA,"CCND1","up",595
16684434,NA,"CCND1","up",595
16679812,NA,"CCND1","up",595
16222096,NA,"CCND1","up",595
16220061,NA,"CCND1","up",595
16095400,NA,"CCND1","up",595
16013152,NA,"CCND1","up",595
15953832,NA,"CCND1","up",595
12313376,NA,"CCND1","up",595
11978813,NA,"CCND1","up",595
11977753,NA,"CCND1","up",595
11730812,NA,"CCND1","up",595
11725801,NA,"CCND1","up",595
11720392,NA,"CCND1","up",595
11650910,NA,"CCND1","up",595
11524144,NA,"CCND1","up",595
11499198,NA,"CCND1","up",595
11476171,NA,"CCND1","up",595
11266523,NA,"CCND1","up",595
11256664,NA,"CCND1","up",595
11210285,NA,"CCND1","up",595
11167602,NA,"CCND1","up",595
11124817,NA,"CCND1","up",595
11018329,NA,"CCND1","up",595
10930781,NA,"CCND1","up",595
10404073,NA,"CCND1","up",595
10387485,NA,"CCND1","up",595
10370799,NA,"CCND1","up",595
10323834,NA,"CCND1","up",595
10176668,NA,"CCND1","up",595
10068193,NA,"CCND1","up",595
10032468,NA,"CCND1","up",595
9956119,NA,"CCND1","up",595
9927531,NA,"CCND1","up",595
9920281,NA,"CCND1","up",595
9913401,NA,"CCND1","up",595
9907412,NA,"CCND1","up",595
9893571,NA,"CCND1","up",595
9887054,NA,"CCND1","up",595
9885748,NA,"CCND1","up",595
9874591,NA,"CCND1","up",595
9874191,NA,"CCND1","up",595
9863342,NA,"CCND1","up",595
9853422,NA,"CCND1","up",595
9849735,NA,"CCND1","up",595
9818919,NA,"CCND1","up",595
9796304,NA,"CCND1","up",595
9572720,NA,"CCND1","up",595
9568512,NA,"CCND1","up",595
7433743,NA,"CCND1","up",595
7074739,NA,"CCND1","up",595
7020615,NA,"CCND1","up",595
6918403,NA,"CCND1","up",595
6918296,NA,"CCND1","up",595
6917907,NA,"CCND1","up",595
6915835,NA,"CCND1","up",595
6914657,NA,"CCND1","up",595
6610292,NA,"CCND1","up",595
6483648,NA,"CCND1","up",595
6480642,NA,"CCND1","up",595
6475921,NA,"CCND1","up",595
6473881,NA,"CCND1","up",595
6451142,NA,"CCND1","up",595
6445781,NA,"CCND1","up",595
6440856,NA,"CCND1","up",595
6439397,NA,"CCND1","up",595
6438825,NA,"CCND1","up",595
6438330,NA,"CCND1","up",595
6437836,NA,"CCND1","up",595
6436223,NA,"CCND1","up",595
6433206,NA,"CCND1","up",595
6433099,NA,"CCND1","up",595
6326970,NA,"CCND1","up",595
5708351,NA,"CCND1","up",595
5702600,NA,"CCND1","up",595
5494425,NA,"CCND1","up",595
5486699,NA,"CCND1","up",595
5472495,NA,"CCND1","up",595
5469318,NA,"CCND1","up",595
5462311,NA,"CCND1","up",595
5460341,NA,"CCND1","up",595
5388063,NA,"CCND1","up",595
5379679,NA,"CCND1","up",595
5368831,NA,"CCND1","up",595
5353431,NA,"CCND1","up",595
5338317,NA,"CCND1","up",595
5330286,NA,"CCND1","up",595
5328940,NA,"CCND1","up",595
5328779,NA,"CCND1","up",595
5324360,NA,"CCND1","up",595
5323714,NA,"CCND1","up",595
5321010,NA,"CCND1","up",595
5319022,NA,"CCND1","up",595
5318998,NA,"CCND1","up",595
5318650,NA,"CCND1","up",595
5317750,NA,"CCND1","up",595
5316860,NA,"CCND1","up",595
5311272,NA,"CCND1","up",595
5289501,NA,"CCND1","up",595
5288494,NA,"CCND1","up",595
5288382,NA,"CCND1","up",595
5288209,NA,"CCND1","up",595
5287969,NA,"CCND1","up",595
5284507,NA,"CCND1","up",595
5284373,NA,"CCND1","up",595
5283731,NA,"CCND1","up",595
5283218,NA,"CCND1","up",595
5282379,NA,"CCND1","up",595
5282360,NA,"CCND1","up",595
5282350,NA,"CCND1","up",595
5281847,NA,"CCND1","up",595
5281800,NA,"CCND1","up",595
5281727,NA,"CCND1","up",595
5281707,NA,"CCND1","up",595
5281703,NA,"CCND1","up",595
5281643,NA,"CCND1","up",595
5281616,NA,"CCND1","up",595
5281605,NA,"CCND1","up",595
5281416,NA,"CCND1","up",595
5281303,NA,"CCND1","up",595
5280961,NA,"CCND1","up",595
5280489,NA,"CCND1","up",595
5280457,NA,"CCND1","up",595
5280445,NA,"CCND1","up",595
5280378,NA,"CCND1","up",595
5280352,NA,"CCND1","up",595
5278396,NA,"CCND1","up",595
5040063,NA,"CCND1","up",595
4521392,NA,"CCND1","up",595
4306515,NA,"CCND1","up",595
4210951,NA,"CCND1","up",595
4137609,NA,"CCND1","up",595
3086109,NA,"CCND1","up",595
3085092,NA,"CCND1","up",595
3062316,NA,"CCND1","up",595
3034368,NA,"CCND1","up",595
3034285,NA,"CCND1","up",595
3032536,NA,"CCND1","up",595
3008868,NA,"CCND1","up",595
2999413,NA,"CCND1","up",595
2871948,NA,"CCND1","up",595
2834965,NA,"CCND1","up",595
2810830,NA,"CCND1","up",595
2779853,NA,"CCND1","up",595
1548943,NA,"CCND1","up",595
969516,NA,"CCND1","up",595
854019,NA,"CCND1","up",595
720491,NA,"CCND1","up",595
667639,NA,"CCND1","up",595
657237,NA,"CCND1","up",595
644213,NA,"CCND1","up",595
644019,NA,"CCND1","up",595
638024,NA,"CCND1","up",595
509554,NA,"CCND1","up",595
480775,NA,"CCND1","up",595
472335,NA,"CCND1","up",595
462382,NA,"CCND1","up",595
449241,NA,"CCND1","up",595
448014,NA,"CCND1","up",595
447466,NA,"CCND1","up",595
446925,NA,"CCND1","up",595
446378,NA,"CCND1","up",595
444795,NA,"CCND1","up",595
444732,NA,"CCND1","up",595
442793,NA,"CCND1","up",595
442664,NA,"CCND1","up",595
442396,NA,"CCND1","up",595
440735,NA,"CCND1","up",595
440473,NA,"CCND1","up",595
439507,NA,"CCND1","up",595
439501,NA,"CCND1","up",595
439196,NA,"CCND1","up",595
433294,NA,"CCND1","up",595
409301,NA,"CCND1","up",595
387447,NA,"CCND1","up",595
387042,NA,"CCND1","up",595
369954,NA,"CCND1","up",595
362973,NA,"CCND1","up",595
360901,NA,"CCND1","up",595
354398,NA,"CCND1","up",595
321710,NA,"CCND1","up",595
312145,NA,"CCND1","up",595
285033,NA,"CCND1","up",595
265237,NA,"CCND1","up",595
247304,NA,"CCND1","up",595
213031,NA,"CCND1","up",595
208898,NA,"CCND1","up",595
204109,NA,"CCND1","up",595
193405,NA,"CCND1","up",595
192197,NA,"CCND1","up",595
186907,NA,"CCND1","up",595
185792,NA,"CCND1","up",595
182677,NA,"CCND1","up",595
179337,NA,"CCND1","up",595
176233,NA,"CCND1","up",595
176158,NA,"CCND1","up",595
176155,NA,"CCND1","up",595
164448,NA,"CCND1","up",595
163263,NA,"CCND1","up",595
161597,NA,"CCND1","up",595
161491,NA,"CCND1","up",595
161314,NA,"CCND1","up",595
159654,NA,"CCND1","up",595
159516,NA,"CCND1","up",595
159460,NA,"CCND1","up",595
155173,NA,"CCND1","up",595
153557,NA,"CCND1","up",595
148195,NA,"CCND1","up",595
147157,NA,"CCND1","up",595
147004,NA,"CCND1","up",595
139298,NA,"CCND1","up",595
137994,NA,"CCND1","up",595
136917,NA,"CCND1","up",595
132776,NA,"CCND1","up",595
124886,NA,"CCND1","up",595
123631,NA,"CCND1","up",595
123409,NA,"CCND1","up",595
122724,NA,"CCND1","up",595
122121,NA,"CCND1","up",595
119307,NA,"CCND1","up",595
119245,NA,"CCND1","up",595
119182,NA,"CCND1","up",595
119104,NA,"CCND1","up",595
117291,NA,"CCND1","up",595
114778,NA,"CCND1","up",595
108223,NA,"CCND1","up",595
108144,NA,"CCND1","up",595
108143,NA,"CCND1","up",595
108130,NA,"CCND1","up",595
107935,NA,"CCND1","up",595
104775,NA,"CCND1","up",595
104741,NA,"CCND1","up",595
100308,NA,"CCND1","up",595
100016,NA,"CCND1","up",595
99474,NA,"CCND1","up",595
95170,NA,"CCND1","up",595
92729,NA,"CCND1","up",595
86367,NA,"CCND1","up",595
86132,NA,"CCND1","up",595
83489,NA,"CCND1","up",595
78144,NA,"CCND1","up",595
73864,NA,"CCND1","up",595
73549,NA,"CCND1","up",595
72304,NA,"CCND1","up",595
72300,NA,"CCND1","up",595
71398,NA,"CCND1","up",595
69619,NA,"CCND1","up",595
68740,NA,"CCND1","up",595
67296,NA,"CCND1","up",595
66541,NA,"CCND1","up",595
66414,NA,"CCND1","up",595
65064,NA,"CCND1","up",595
64981,NA,"CCND1","up",595
60961,NA,"CCND1","up",595
55245,NA,"CCND1","up",595
54454,NA,"CCND1","up",595
53232,NA,"CCND1","up",595
47289,NA,"CCND1","up",595
42640,NA,"CCND1","up",595
37807,NA,"CCND1","up",595
37542,NA,"CCND1","up",595
37034,NA,"CCND1","up",595
36709,NA,"CCND1","up",595
35370,NA,"CCND1","up",595
31736,NA,"CCND1","up",595
31401,NA,"CCND1","up",595
29131,NA,"CCND1","up",595
28179,NA,"CCND1","up",595
27924,NA,"CCND1","up",595
27375,NA,"CCND1","up",595
26177,NA,"CCND1","up",595
26042,NA,"CCND1","up",595
25775,NA,"CCND1","up",595
24823,NA,"CCND1","up",595
24597,NA,"CCND1","up",595
24462,NA,"CCND1","up",595
24424,NA,"CCND1","up",595
23994,NA,"CCND1","up",595
23985,NA,"CCND1","up",595
23973,NA,"CCND1","up",595
23930,NA,"CCND1","up",595
21694,NA,"CCND1","up",595
20393,NA,"CCND1","up",595
16741,NA,"CCND1","up",595
16043,NA,"CCND1","up",595
15625,NA,"CCND1","up",595
14986,NA,"CCND1","up",595
14985,NA,"CCND1","up",595
14900,NA,"CCND1","up",595
14210,NA,"CCND1","up",595
13700,NA,"CCND1","up",595
13089,NA,"CCND1","up",595
12771,NA,"CCND1","up",595
12111,NA,"CCND1","up",595
11790,NA,"CCND1","up",595
10742,NA,"CCND1","up",595
10494,NA,"CCND1","up",595
10281,NA,"CCND1","up",595
10146,NA,"CCND1","up",595
9687,NA,"CCND1","up",595
9444,NA,"CCND1","up",595
9317,NA,"CCND1","up",595
9301,NA,"CCND1","up",595
9131,NA,"CCND1","up",595
8814,NA,"CCND1","up",595
8742,NA,"CCND1","up",595
8572,NA,"CCND1","up",595
8515,NA,"CCND1","up",595
8418,NA,"CCND1","up",595
8370,NA,"CCND1","up",595
7855,NA,"CCND1","up",595
7184,NA,"CCND1","up",595
6780,NA,"CCND1","up",595
6758,NA,"CCND1","up",595
6683,NA,"CCND1","up",595
6626,NA,"CCND1","up",595
6619,NA,"CCND1","up",595
6575,NA,"CCND1","up",595
6557,NA,"CCND1","up",595
6423,NA,"CCND1","up",595
6393,NA,"CCND1","up",595
6303,NA,"CCND1","up",595
6291,NA,"CCND1","up",595
6197,NA,"CCND1","up",595
6076,NA,"CCND1","up",595
6038,NA,"CCND1","up",595
6001,NA,"CCND1","up",595
5994,NA,"CCND1","up",595
5955,NA,"CCND1","up",595
5770,NA,"CCND1","up",595
5708,NA,"CCND1","up",595
5694,NA,"CCND1","up",595
5646,NA,"CCND1","up",595
5641,NA,"CCND1","up",595
5591,NA,"CCND1","up",595
5519,NA,"CCND1","up",595
5437,NA,"CCND1","up",595
5430,NA,"CCND1","up",595
5426,NA,"CCND1","up",595
5394,NA,"CCND1","up",595
5311,NA,"CCND1","up",595
5235,NA,"CCND1","up",595
5004,NA,"CCND1","up",595
4943,NA,"CCND1","up",595
4911,NA,"CCND1","up",595
4878,NA,"CCND1","up",595
4858,NA,"CCND1","up",595
4781,NA,"CCND1","up",595
4713,NA,"CCND1","up",595
4650,NA,"CCND1","up",595
4553,NA,"CCND1","up",595
4549,NA,"CCND1","up",595
4495,NA,"CCND1","up",595
4261,NA,"CCND1","up",595
4115,NA,"CCND1","up",595
3973,NA,"CCND1","up",595
3922,NA,"CCND1","up",595
3902,NA,"CCND1","up",595
3899,NA,"CCND1","up",595
3885,NA,"CCND1","up",595
3806,NA,"CCND1","up",595
3715,NA,"CCND1","up",595
3712,NA,"CCND1","up",595
3657,NA,"CCND1","up",595
3598,NA,"CCND1","up",595
3549,NA,"CCND1","up",595
3385,NA,"CCND1","up",595
3330,NA,"CCND1","up",595
3218,NA,"CCND1","up",595
3117,NA,"CCND1","up",595
3071,NA,"CCND1","up",595
3039,NA,"CCND1","up",595
3036,NA,"CCND1","up",595
3019,NA,"CCND1","up",595
2998,NA,"CCND1","up",595
2790,NA,"CCND1","up",595
2750,NA,"CCND1","up",595
2730,NA,"CCND1","up",595
2662,NA,"CCND1","up",595
2578,NA,"CCND1","up",595
2375,NA,"CCND1","up",595
2353,NA,"CCND1","up",595
2347,NA,"CCND1","up",595
2336,NA,"CCND1","up",595
2244,NA,"CCND1","up",595
2230,NA,"CCND1","up",595
2051,NA,"CCND1","up",595
1983,NA,"CCND1","up",595
1752,NA,"CCND1","up",595
1645,NA,"CCND1","up",595
1401,NA,"CCND1","up",595
1176,NA,"CCND1","up",595
995,NA,"CCND1","up",595
977,NA,"CCND1","up",595
935,NA,"CCND1","up",595
931,NA,"CCND1","up",595
896,NA,"CCND1","up",595
785,NA,"CCND1","up",595
784,NA,"CCND1","up",595
712,NA,"CCND1","up",595
702,NA,"CCND1","up",595
544,NA,"CCND1","up",595
323,NA,"CCND1","up",595
313,NA,"CCND1","up",595
241,NA,"CCND1","up",595
180,NA,"CCND1","up",595
122361400,NA,"LEPR","up",3953
71662960,NA,"LEPR","up",3953
16682730,NA,"LEPR","up",3953
11524144,NA,"LEPR","up",3953
9969174,NA,"LEPR","up",3953
6509863,NA,"LEPR","up",3953
5371560,NA,"LEPR","up",3953
5284373,NA,"LEPR","up",3953
5281707,NA,"LEPR","up",3953
5280961,NA,"LEPR","up",3953
4521392,NA,"LEPR","up",3953
444732,NA,"LEPR","up",3953
409301,NA,"LEPR","up",3953
387447,NA,"LEPR","up",3953
186907,NA,"LEPR","up",3953
123631,NA,"LEPR","up",3953
54454,NA,"LEPR","up",3953
32014,NA,"LEPR","up",3953
24823,NA,"LEPR","up",3953
23931,NA,"LEPR","up",3953
16078,NA,"LEPR","up",3953
15625,NA,"LEPR","up",3953
9317,NA,"LEPR","up",3953
8289,NA,"LEPR","up",3953
8063,NA,"LEPR","up",3953
7847,NA,"LEPR","up",3953
6654,NA,"LEPR","up",3953
6562,NA,"LEPR","up",3953
5994,NA,"LEPR","up",3953
5694,NA,"LEPR","up",3953
2336,NA,"LEPR","up",3953
977,NA,"LEPR","up",3953
935,NA,"LEPR","up",3953
261,NA,"LEPR","up",3953
122361400,NA,"MLYCD","up",23417
71729975,NA,"MLYCD","up",23417
46907787,NA,"MLYCD","up",23417
5284373,NA,"MLYCD","up",23417
409301,NA,"MLYCD","up",23417
92231,NA,"MLYCD","up",23417
73864,NA,"MLYCD","up",23417
31253,NA,"MLYCD","up",23417
24462,NA,"MLYCD","up",23417
18818,NA,"MLYCD","up",23417
12111,NA,"MLYCD","up",23417
8294,NA,"MLYCD","up",23417
8289,NA,"MLYCD","up",23417
5641,NA,"MLYCD","up",23417
3899,NA,"MLYCD","up",23417
3352,NA,"MLYCD","up",23417
2758,NA,"MLYCD","up",23417
2537,NA,"MLYCD","up",23417
2336,NA,"MLYCD","up",23417
66577015,NA,"PIK3CB","down",5291
58507717,NA,"PIK3CB","down",5291
57519748,NA,"PIK3CB","down",5291
57495353,NA,"PIK3CB","down",5291
51001932,NA,"PIK3CB","down",5291
49803145,NA,"PIK3CB","down",5291
46907787,NA,"PIK3CB","down",5291
44516953,NA,"PIK3CB","down",5291
25254071,NA,"PIK3CB","down",5291
25167777,NA,"PIK3CB","down",5291
21575007,NA,"PIK3CB","down",5291
17755052,NA,"PIK3CB","down",5291
16682746,NA,"PIK3CB","down",5291
16654980,NA,"PIK3CB","down",5291
16123056,NA,"PIK3CB","down",5291
11977753,NA,"PIK3CB","down",5291
11647372,NA,"PIK3CB","down",5291
11524144,NA,"PIK3CB","down",5291
10458226,NA,"PIK3CB","down",5291
9907093,NA,"PIK3CB","down",5291
5284461,NA,"PIK3CB","down",5291
5284373,NA,"PIK3CB","down",5291
4521392,NA,"PIK3CB","down",5291
3032536,NA,"PIK3CB","down",5291
644019,NA,"PIK3CB","down",5291
444795,NA,"PIK3CB","down",5291
442530,NA,"PIK3CB","down",5291
312145,NA,"PIK3CB","down",5291
197081,NA,"PIK3CB","down",5291
161491,NA,"PIK3CB","down",5291
155166,NA,"PIK3CB","down",5291
154083,NA,"PIK3CB","down",5291
153557,NA,"PIK3CB","down",5291
119245,NA,"PIK3CB","down",5291
108143,NA,"PIK3CB","down",5291
104741,NA,"PIK3CB","down",5291
95170,NA,"PIK3CB","down",5291
65064,NA,"PIK3CB","down",5291
24823,NA,"PIK3CB","down",5291
24597,NA,"PIK3CB","down",5291
24462,NA,"PIK3CB","down",5291
23930,NA,"PIK3CB","down",5291
15625,NA,"PIK3CB","down",5291
14410,NA,"PIK3CB","down",5291
7460,NA,"PIK3CB","down",5291
6860,NA,"PIK3CB","down",5291
6618,NA,"PIK3CB","down",5291
4261,NA,"PIK3CB","down",5291
3973,NA,"PIK3CB","down",5291
3885,NA,"PIK3CB","down",5291
2336,NA,"PIK3CB","down",5291
977,NA,"PIK3CB","down",5291
544,NA,"PIK3CB","down",5291
172866199,NA,"PPARG","down",5468
162368455,NA,"PPARG","down",5468
139269842,NA,"PPARG","down",5468
135449333,NA,"PPARG","down",5468
129868948,NA,"PPARG","down",5468
126752383,NA,"PPARG","down",5468
122662515,NA,"PPARG","down",5468
121000421,NA,"PPARG","down",5468
101233334,NA,"PPARG","down",5468
101008927,NA,"PPARG","down",5468
91758782,NA,"PPARG","down",5468
86748889,NA,"PPARG","down",5468
76853645,NA,"PPARG","down",5468
71402018,NA,"PPARG","down",5468
71316600,NA,"PPARG","down",5468
68210102,NA,"PPARG","down",5468
60151560,NA,"PPARG","down",5468
58496428,NA,"PPARG","down",5468
57426056,NA,"PPARG","down",5468
54680085,NA,"PPARG","down",5468
53310417,NA,"PPARG","down",5468
46907787,NA,"PPARG","down",5468
24816385,NA,"PPARG","down",5468
23714556,NA,"PPARG","down",5468
23665730,NA,"PPARG","down",5468
23633418,NA,"PPARG","down",5468
22186063,NA,"PPARG","down",5468
21944094,NA,"PPARG","down",5468
21633857,NA,"PPARG","down",5468
21628493,NA,"PPARG","down",5468
18666097,NA,"PPARG","down",5468
17754066,NA,"PPARG","down",5468
15558620,NA,"PPARG","down",5468
13728795,NA,"PPARG","down",5468
12118082,NA,"PPARG","down",5468
12082259,NA,"PPARG","down",5468
11556427,NA,"PPARG","down",5468
11546596,NA,"PPARG","down",5468
11524144,NA,"PPARG","down",5468
11395145,NA,"PPARG","down",5468
11313622,NA,"PPARG","down",5468
11285653,NA,"PPARG","down",5468
11236126,NA,"PPARG","down",5468
11048796,NA,"PPARG","down",5468
10429242,NA,"PPARG","down",5468
10382483,NA,"PPARG","down",5468
10337211,NA,"PPARG","down",5468
10274777,NA,"PPARG","down",5468
10229498,NA,"PPARG","down",5468
10202734,NA,"PPARG","down",5468
10109594,NA,"PPARG","down",5468
10068800,NA,"PPARG","down",5468
9956119,NA,"PPARG","down",5468
9955612,NA,"PPARG","down",5468
9954280,NA,"PPARG","down",5468
9938010,NA,"PPARG","down",5468
9929731,NA,"PPARG","down",5468
9920342,NA,"PPARG","down",5468
9916749,NA,"PPARG","down",5468
9908833,NA,"PPARG","down",5468
9893571,NA,"PPARG","down",5468
9839306,NA,"PPARG","down",5468
9831414,NA,"PPARG","down",5468
9826451,NA,"PPARG","down",5468
9823887,NA,"PPARG","down",5468
9805950,NA,"PPARG","down",5468
9803963,NA,"PPARG","down",5468
6918540,NA,"PPARG","down",5468
6918151,NA,"PPARG","down",5468
6603901,NA,"PPARG","down",5468
6540277,NA,"PPARG","down",5468
6518171,NA,"PPARG","down",5468
6451147,NA,"PPARG","down",5468
6449999,NA,"PPARG","down",5468
6442842,NA,"PPARG","down",5468
6436605,NA,"PPARG","down",5468
6436173,NA,"PPARG","down",5468
6422843,NA,"PPARG","down",5468
6327546,NA,"PPARG","down",5468
6112114,NA,"PPARG","down",5468
5488186,NA,"PPARG","down",5468
5472495,NA,"PPARG","down",5468
5469424,NA,"PPARG","down",5468
5458510,NA,"PPARG","down",5468
5372174,NA,"PPARG","down",5468
5368831,NA,"PPARG","down",5468
5359367,NA,"PPARG","down",5468
5355130,NA,"PPARG","down",5468
5338317,NA,"PPARG","down",5468
5318980,NA,"PPARG","down",5468
5317756,NA,"PPARG","down",5468
5315472,NA,"PPARG","down",5468
5315263,NA,"PPARG","down",5468
5312120,NA,"PPARG","down",5468
5311217,NA,"PPARG","down",5468
5311211,NA,"PPARG","down",5468
5288209,NA,"PPARG","down",5468
5284462,NA,"PPARG","down",5468
5284433,NA,"PPARG","down",5468
5284373,NA,"PPARG","down",5468
5282800,NA,"PPARG","down",5468
5282280,NA,"PPARG","down",5468
5282138,NA,"PPARG","down",5468
5281855,NA,"PPARG","down",5468
5281847,NA,"PPARG","down",5468
5281807,NA,"PPARG","down",5468
5281792,NA,"PPARG","down",5468
5281673,NA,"PPARG","down",5468
5281656,NA,"PPARG","down",5468
5281607,NA,"PPARG","down",5468
5281600,NA,"PPARG","down",5468
5281576,NA,"PPARG","down",5468
5281104,NA,"PPARG","down",5468
5281055,NA,"PPARG","down",5468
5280961,NA,"PPARG","down",5468
5280934,NA,"PPARG","down",5468
5280884,NA,"PPARG","down",5468
5280805,NA,"PPARG","down",5468
5280644,NA,"PPARG","down",5468
5280445,NA,"PPARG","down",5468
5280443,NA,"PPARG","down",5468
5274585,NA,"PPARG","down",5468
4521392,NA,"PPARG","down",5468
4166922,NA,"PPARG","down",5468
4147757,NA,"PPARG","down",5468
3392731,NA,"PPARG","down",5468
3391107,NA,"PPARG","down",5468
3055168,NA,"PPARG","down",5468
3032536,NA,"PPARG","down",5468
2777391,NA,"PPARG","down",5468
2773624,NA,"PPARG","down",5468
2733489,NA,"PPARG","down",5468
1548943,NA,"PPARG","down",5468
1231560,NA,"PPARG","down",5468
969516,NA,"PPARG","down",5468
657048,NA,"PPARG","down",5468
644213,NA,"PPARG","down",5468
644109,NA,"PPARG","down",5468
644019,NA,"PPARG","down",5468
490002,NA,"PPARG","down",5468
480775,NA,"PPARG","down",5468
462382,NA,"PPARG","down",5468
449171,NA,"PPARG","down",5468
448457,NA,"PPARG","down",5468
448042,NA,"PPARG","down",5468
447912,NA,"PPARG","down",5468
444899,NA,"PPARG","down",5468
444795,NA,"PPARG","down",5468
442530,NA,"PPARG","down",5468
440764,NA,"PPARG","down",5468
433294,NA,"PPARG","down",5468
304599,NA,"PPARG","down",5468
208901,NA,"PPARG","down",5468
206044,NA,"PPARG","down",5468
204109,NA,"PPARG","down",5468
197081,NA,"PPARG","down",5468
186907,NA,"PPARG","down",5468
170364,NA,"PPARG","down",5468
169870,NA,"PPARG","down",5468
160570,NA,"PPARG","down",5468
160512,NA,"PPARG","down",5468
159325,NA,"PPARG","down",5468
154005,NA,"PPARG","down",5468
154000,NA,"PPARG","down",5468
151183,NA,"PPARG","down",5468
145068,NA,"PPARG","down",5468
136917,NA,"PPARG","down",5468
127019,NA,"PPARG","down",5468
123409,NA,"PPARG","down",5468
122162,NA,"PPARG","down",5468
119096,NA,"PPARG","down",5468
117291,NA,"PPARG","down",5468
104775,NA,"PPARG","down",5468
104741,NA,"PPARG","down",5468
99474,NA,"PPARG","down",5468
98523,NA,"PPARG","down",5468
95170,NA,"PPARG","down",5468
95168,NA,"PPARG","down",5468
94140,NA,"PPARG","down",5468
92729,NA,"PPARG","down",5468
91757,NA,"PPARG","down",5468
91754,NA,"PPARG","down",5468
91699,NA,"PPARG","down",5468
91649,NA,"PPARG","down",5468
91511,NA,"PPARG","down",5468
90532,NA,"PPARG","down",5468
89440,NA,"PPARG","down",5468
86412,NA,"PPARG","down",5468
86354,NA,"PPARG","down",5468
86132,NA,"PPARG","down",5468
81131,NA,"PPARG","down",5468
78435,NA,"PPARG","down",5468
77999,NA,"PPARG","down",5468
77797,NA,"PPARG","down",5468
75575,NA,"PPARG","down",5468
75318,NA,"PPARG","down",5468
73864,NA,"PPARG","down",5468
73665,NA,"PPARG","down",5468
73219,NA,"PPARG","down",5468
72303,NA,"PPARG","down",5468
72300,NA,"PPARG","down",5468
69310,NA,"PPARG","down",5468
68740,NA,"PPARG","down",5468
67821,NA,"PPARG","down",5468
67818,NA,"PPARG","down",5468
67296,NA,"PPARG","down",5468
67174,NA,"PPARG","down",5468
66166,NA,"PPARG","down",5468
65999,NA,"PPARG","down",5468
65126,NA,"PPARG","down",5468
65110,NA,"PPARG","down",5468
65094,NA,"PPARG","down",5468
65064,NA,"PPARG","down",5468
64819,NA,"PPARG","down",5468
63090,NA,"PPARG","down",5468
62097,NA,"PPARG","down",5468
60910,NA,"PPARG","down",5468
60871,NA,"PPARG","down",5468
60846,NA,"PPARG","down",5468
60560,NA,"PPARG","down",5468
54454,NA,"PPARG","down",5468
53518,NA,"PPARG","down",5468
53232,NA,"PPARG","down",5468
51576,NA,"PPARG","down",5468
51040,NA,"PPARG","down",5468
47898,NA,"PPARG","down",5468
43234,NA,"PPARG","down",5468
43226,NA,"PPARG","down",5468
41381,NA,"PPARG","down",5468
40585,NA,"PPARG","down",5468
40470,NA,"PPARG","down",5468
39676,NA,"PPARG","down",5468
39042,NA,"PPARG","down",5468
37517,NA,"PPARG","down",5468
36159,NA,"PPARG","down",5468
33599,NA,"PPARG","down",5468
33584,NA,"PPARG","down",5468
32241,NA,"PPARG","down",5468
32154,NA,"PPARG","down",5468
31736,NA,"PPARG","down",5468
31404,NA,"PPARG","down",5468
31401,NA,"PPARG","down",5468
31357,NA,"PPARG","down",5468
31288,NA,"PPARG","down",5468
31283,NA,"PPARG","down",5468
31070,NA,"PPARG","down",5468
29732,NA,"PPARG","down",5468
29393,NA,"PPARG","down",5468
27924,NA,"PPARG","down",5468
27189,NA,"PPARG","down",5468
26840,NA,"PPARG","down",5468
26295,NA,"PPARG","down",5468
26177,NA,"PPARG","down",5468
26176,NA,"PPARG","down",5468
24823,NA,"PPARG","down",5468
23994,NA,"PPARG","down",5468
23974,NA,"PPARG","down",5468
23973,NA,"PPARG","down",5468
23925,NA,"PPARG","down",5468
22571,NA,"PPARG","down",5468
22463,NA,"PPARG","down",5468
21803,NA,"PPARG","down",5468
20393,NA,"PPARG","down",5468
20392,NA,"PPARG","down",5468
19241,NA,"PPARG","down",5468
18283,NA,"PPARG","down",5468
16078,NA,"PPARG","down",5468
16043,NA,"PPARG","down",5468
15787,NA,"PPARG","down",5468
15625,NA,"PPARG","down",5468
15098,NA,"PPARG","down",5468
14716,NA,"PPARG","down",5468
14525,NA,"PPARG","down",5468
14342,NA,"PPARG","down",5468
13398,NA,"PPARG","down",5468
12540,NA,"PPARG","down",5468
12111,NA,"PPARG","down",5468
11862,NA,"PPARG","down",5468
11774,NA,"PPARG","down",5468
11773,NA,"PPARG","down",5468
11442,NA,"PPARG","down",5468
10522,NA,"PPARG","down",5468
10281,NA,"PPARG","down",5468
10254,NA,"PPARG","down",5468
10251,NA,"PPARG","down",5468
10229,NA,"PPARG","down",5468
10207,NA,"PPARG","down",5468
10146,NA,"PPARG","down",5468
9880,NA,"PPARG","down",5468
9638,NA,"PPARG","down",5468
9502,NA,"PPARG","down",5468
9171,NA,"PPARG","down",5468
9154,NA,"PPARG","down",5468
9153,NA,"PPARG","down",5468
8858,NA,"PPARG","down",5468
8842,NA,"PPARG","down",5468
8722,NA,"PPARG","down",5468
8575,NA,"PPARG","down",5468
8569,NA,"PPARG","down",5468
8561,NA,"PPARG","down",5468
8560,NA,"PPARG","down",5468
8559,NA,"PPARG","down",5468
8554,NA,"PPARG","down",5468
8468,NA,"PPARG","down",5468
8437,NA,"PPARG","down",5468
8425,NA,"PPARG","down",5468
8413,NA,"PPARG","down",5468
8289,NA,"PPARG","down",5468
8139,NA,"PPARG","down",5468
7847,NA,"PPARG","down",5468
7814,NA,"PPARG","down",5468
7725,NA,"PPARG","down",5468
7636,NA,"PPARG","down",5468
7540,NA,"PPARG","down",5468
7430,NA,"PPARG","down",5468
7410,NA,"PPARG","down",5468
7184,NA,"PPARG","down",5468
7108,NA,"PPARG","down",5468
7103,NA,"PPARG","down",5468
7074,NA,"PPARG","down",5468
6986,NA,"PPARG","down",5468
6867,NA,"PPARG","down",5468
6788,NA,"PPARG","down",5468
6787,NA,"PPARG","down",5468
6782,NA,"PPARG","down",5468
6781,NA,"PPARG","down",5468
6758,NA,"PPARG","down",5468
6720,NA,"PPARG","down",5468
6654,NA,"PPARG","down",5468
6626,NA,"PPARG","down",5468
6625,NA,"PPARG","down",5468
6619,NA,"PPARG","down",5468
6618,NA,"PPARG","down",5468
6562,NA,"PPARG","down",5468
6540,NA,"PPARG","down",5468
6410,NA,"PPARG","down",5468
6303,NA,"PPARG","down",5468
6128,NA,"PPARG","down",5468
6001,NA,"PPARG","down",5468
5995,NA,"PPARG","down",5468
5954,NA,"PPARG","down",5468
5803,NA,"PPARG","down",5468
5694,NA,"PPARG","down",5468
5591,NA,"PPARG","down",5468
5569,NA,"PPARG","down",5468
5437,NA,"PPARG","down",5468
5053,NA,"PPARG","down",5468
4936,NA,"PPARG","down",5468
4933,NA,"PPARG","down",5468
4871,NA,"PPARG","down",5468
4829,NA,"PPARG","down",5468
4713,NA,"PPARG","down",5468
4614,NA,"PPARG","down",5468
4553,NA,"PPARG","down",5468
4495,NA,"PPARG","down",5468
4493,NA,"PPARG","down",5468
4488,NA,"PPARG","down",5468
4130,NA,"PPARG","down",5468
3922,NA,"PPARG","down",5468
3899,NA,"PPARG","down",5468
3885,NA,"PPARG","down",5468
3806,NA,"PPARG","down",5468
3767,NA,"PPARG","down",5468
3730,NA,"PPARG","down",5468
3715,NA,"PPARG","down",5468
3690,NA,"PPARG","down",5468
3463,NA,"PPARG","down",5468
3444,NA,"PPARG","down",5468
3406,NA,"PPARG","down",5468
3397,NA,"PPARG","down",5468
3385,NA,"PPARG","down",5468
3371,NA,"PPARG","down",5468
3352,NA,"PPARG","down",5468
3346,NA,"PPARG","down",5468
3314,NA,"PPARG","down",5468
3117,NA,"PPARG","down",5468
3036,NA,"PPARG","down",5468
3017,NA,"PPARG","down",5468
2871,NA,"PPARG","down",5468
2797,NA,"PPARG","down",5468
2796,NA,"PPARG","down",5468
2787,NA,"PPARG","down",5468
2750,NA,"PPARG","down",5468
2730,NA,"PPARG","down",5468
2723,NA,"PPARG","down",5468
2662,NA,"PPARG","down",5468
2526,NA,"PPARG","down",5468
2519,NA,"PPARG","down",5468
2511,NA,"PPARG","down",5468
2478,NA,"PPARG","down",5468
2375,NA,"PPARG","down",5468
2374,NA,"PPARG","down",5468
2353,NA,"PPARG","down",5468
2347,NA,"PPARG","down",5468
2336,NA,"PPARG","down",5468
2286,NA,"PPARG","down",5468
2268,NA,"PPARG","down",5468
2244,NA,"PPARG","down",5468
2051,NA,"PPARG","down",5468
1988,NA,"PPARG","down",5468
1983,NA,"PPARG","down",5468
985,NA,"PPARG","down",5468
977,NA,"PPARG","down",5468
935,NA,"PPARG","down",5468
896,NA,"PPARG","down",5468
784,NA,"PPARG","down",5468
702,NA,"PPARG","down",5468
460,NA,"PPARG","down",5468
241,NA,"PPARG","down",5468
177,NA,"PPARG","down",5468
33,NA,"PPARG","down",5468
122361400,NA,"STRADB","down",55437
71662960,NA,"STRADB","down",55437
71509318,NA,"STRADB","down",55437
9874191,NA,"STRADB","down",55437
6509863,NA,"STRADB","down",55437
644019,NA,"STRADB","down",55437
444795,NA,"STRADB","down",55437
409301,NA,"STRADB","down",55437
186907,NA,"STRADB","down",55437
65064,NA,"STRADB","down",55437
26177,NA,"STRADB","down",55437
24823,NA,"STRADB","down",55437
24597,NA,"STRADB","down",55437
24462,NA,"STRADB","down",55437
23973,NA,"STRADB","down",55437
5455,NA,"STRADB","down",55437
3899,NA,"STRADB","down",55437
2519,NA,"STRADB","down",55437
2336,NA,"STRADB","down",55437
784,NA,"STRADB","down",55437
122361400,NA,"CREB1","down",1385
78358496,NA,"CREB1","down",1385
71662960,NA,"CREB1","down",1385
56649281,NA,"CREB1","down",1385
44185871,NA,"CREB1","down",1385
17754066,NA,"CREB1","down",1385
16211460,NA,"CREB1","down",1385
16132435,NA,"CREB1","down",1385
15678335,NA,"CREB1","down",1385
11556427,NA,"CREB1","down",1385
11524144,NA,"CREB1","down",1385
10453764,NA,"CREB1","down",1385
10323834,NA,"CREB1","down",1385
10223146,NA,"CREB1","down",1385
10176668,NA,"CREB1","down",1385
10127622,NA,"CREB1","down",1385
9890209,NA,"CREB1","down",1385
9867869,NA,"CREB1","down",1385
9817652,NA,"CREB1","down",1385
6918540,NA,"CREB1","down",1385
6518171,NA,"CREB1","down",1385
6440821,NA,"CREB1","down",1385
6326970,NA,"CREB1","down",1385
5318767,NA,"CREB1","down",1385
5315263,NA,"CREB1","down",1385
5311211,NA,"CREB1","down",1385
5283560,NA,"CREB1","down",1385
5282379,NA,"CREB1","down",1385
5281969,NA,"CREB1","down",1385
5280435,NA,"CREB1","down",1385
4210951,NA,"CREB1","down",1385
4124851,NA,"CREB1","down",1385
3080635,NA,"CREB1","down",1385
3036864,NA,"CREB1","down",1385
3032536,NA,"CREB1","down",1385
3025961,NA,"CREB1","down",1385
2871948,NA,"CREB1","down",1385
969491,NA,"CREB1","down",1385
697993,NA,"CREB1","down",1385
644019,NA,"CREB1","down",1385
638024,NA,"CREB1","down",1385
452707,NA,"CREB1","down",1385
449241,NA,"CREB1","down",1385
449171,NA,"CREB1","down",1385
444795,NA,"CREB1","down",1385
433294,NA,"CREB1","down",1385
409301,NA,"CREB1","down",1385
359862,NA,"CREB1","down",1385
312145,NA,"CREB1","down",1385
253602,NA,"CREB1","down",1385
185792,NA,"CREB1","down",1385
176407,NA,"CREB1","down",1385
176155,NA,"CREB1","down",1385
161597,NA,"CREB1","down",1385
161491,NA,"CREB1","down",1385
124219,NA,"CREB1","down",1385
108152,NA,"CREB1","down",1385
108143,NA,"CREB1","down",1385
107876,NA,"CREB1","down",1385
105008,NA,"CREB1","down",1385
104794,NA,"CREB1","down",1385
104751,NA,"CREB1","down",1385
100016,NA,"CREB1","down",1385
99562,NA,"CREB1","down",1385
87517,NA,"CREB1","down",1385
73581,NA,"CREB1","down",1385
65064,NA,"CREB1","down",1385
60961,NA,"CREB1","down",1385
54454,NA,"CREB1","down",1385
47576,NA,"CREB1","down",1385
47289,NA,"CREB1","down",1385
37036,NA,"CREB1","down",1385
27924,NA,"CREB1","down",1385
24962,NA,"CREB1","down",1385
24823,NA,"CREB1","down",1385
24597,NA,"CREB1","down",1385
24502,NA,"CREB1","down",1385
24462,NA,"CREB1","down",1385
24459,NA,"CREB1","down",1385
24424,NA,"CREB1","down",1385
23994,NA,"CREB1","down",1385
23973,NA,"CREB1","down",1385
23930,NA,"CREB1","down",1385
22880,NA,"CREB1","down",1385
20770,NA,"CREB1","down",1385
14985,NA,"CREB1","down",1385
13089,NA,"CREB1","down",1385
10667,NA,"CREB1","down",1385
9687,NA,"CREB1","down",1385
9444,NA,"CREB1","down",1385
9131,NA,"CREB1","down",1385
8814,NA,"CREB1","down",1385
8515,NA,"CREB1","down",1385
7847,NA,"CREB1","down",1385
7840,NA,"CREB1","down",1385
7057,NA,"CREB1","down",1385
6959,NA,"CREB1","down",1385
6758,NA,"CREB1","down",1385
6654,NA,"CREB1","down",1385
6626,NA,"CREB1","down",1385
6562,NA,"CREB1","down",1385
6423,NA,"CREB1","down",1385
6410,NA,"CREB1","down",1385
6303,NA,"CREB1","down",1385
6264,NA,"CREB1","down",1385
6207,NA,"CREB1","down",1385
5591,NA,"CREB1","down",1385
5455,NA,"CREB1","down",1385
5169,NA,"CREB1","down",1385
5083,NA,"CREB1","down",1385
4943,NA,"CREB1","down",1385
4873,NA,"CREB1","down",1385
4713,NA,"CREB1","down",1385
4485,NA,"CREB1","down",1385
4211,NA,"CREB1","down",1385
4156,NA,"CREB1","down",1385
4133,NA,"CREB1","down",1385
3973,NA,"CREB1","down",1385
3314,NA,"CREB1","down",1385
3117,NA,"CREB1","down",1385
3036,NA,"CREB1","down",1385
2519,NA,"CREB1","down",1385
2361,NA,"CREB1","down",1385
2336,NA,"CREB1","down",1385
2249,NA,"CREB1","down",1385
2051,NA,"CREB1","down",1385
1752,NA,"CREB1","down",1385
1456,NA,"CREB1","down",1385
977,NA,"CREB1","down",1385
785,NA,"CREB1","down",1385
784,NA,"CREB1","down",1385
712,NA,"CREB1","down",1385
702,NA,"CREB1","down",1385
544,NA,"CREB1","down",1385
370,NA,"CREB1","down",1385
323,NA,"CREB1","down",1385
6,NA,"CREB1","down",1385
162623841,NA,"CFTR","down",1080
139399801,NA,"CFTR","down",1080
134687598,NA,"CFTR","down",1080
134587348,NA,"CFTR","down",1080
134393443,NA,"CFTR","down",1080
132472080,NA,"CFTR","down",1080
132189640,NA,"CFTR","down",1080
129027688,NA,"CFTR","down",1080
122361400,NA,"CFTR","down",1080
121439966,NA,"CFTR","down",1080
121301049,NA,"CFTR","down",1080
121250885,NA,"CFTR","down",1080
71470491,NA,"CFTR","down",1080
58442344,NA,"CFTR","down",1080
46199646,NA,"CFTR","down",1080
44150640,NA,"CFTR","down",1080
16682730,NA,"CFTR","down",1080
16678941,NA,"CFTR","down",1080
16220172,NA,"CFTR","down",1080
11957831,NA,"CFTR","down",1080
11738767,NA,"CFTR","down",1080
11524144,NA,"CFTR","down",1080
11401613,NA,"CFTR","down",1080
10486087,NA,"CFTR","down",1080
9916436,NA,"CFTR","down",1080
9895468,NA,"CFTR","down",1080
9795307,NA,"CFTR","down",1080
6918638,NA,"CFTR","down",1080
5497136,NA,"CFTR","down",1080
5360545,NA,"CFTR","down",1080
5328779,NA,"CFTR","down",1080
5311358,NA,"CFTR","down",1080
5311330,NA,"CFTR","down",1080
5288382,NA,"CFTR","down",1080
5287620,NA,"CFTR","down",1080
5284373,NA,"CFTR","down",1080
5281605,NA,"CFTR","down",1080
5280961,NA,"CFTR","down",1080
5280443,NA,"CFTR","down",1080
4521392,NA,"CFTR","down",1080
3081771,NA,"CFTR","down",1080
3036038,NA,"CFTR","down",1080
969516,NA,"CFTR","down",1080
781239,NA,"CFTR","down",1080
504670,NA,"CFTR","down",1080
462382,NA,"CFTR","down",1080
449241,NA,"CFTR","down",1080
449193,NA,"CFTR","down",1080
446378,NA,"CFTR","down",1080
444732,NA,"CFTR","down",1080
440071,NA,"CFTR","down",1080
439196,NA,"CFTR","down",1080
433294,NA,"CFTR","down",1080
312145,NA,"CFTR","down",1080
294641,NA,"CFTR","down",1080
124886,NA,"CFTR","down",1080
123865,NA,"CFTR","down",1080
121855,NA,"CFTR","down",1080
119480,NA,"CFTR","down",1080
107854,NA,"CFTR","down",1080
104858,NA,"CFTR","down",1080
104775,NA,"CFTR","down",1080
104741,NA,"CFTR","down",1080
95489,NA,"CFTR","down",1080
91636,NA,"CFTR","down",1080
65359,NA,"CFTR","down",1080
60961,NA,"CFTR","down",1080
60943,NA,"CFTR","down",1080
51634,NA,"CFTR","down",1080
39562,NA,"CFTR","down",1080
33113,NA,"CFTR","down",1080
30165,NA,"CFTR","down",1080
24823,NA,"CFTR","down",1080
24612,NA,"CFTR","down",1080
24526,NA,"CFTR","down",1080
24408,NA,"CFTR","down",1080
23994,NA,"CFTR","down",1080
23973,NA,"CFTR","down",1080
20083,NA,"CFTR","down",1080
16078,NA,"CFTR","down",1080
15625,NA,"CFTR","down",1080
9322,NA,"CFTR","down",1080
9191,NA,"CFTR","down",1080
8174,NA,"CFTR","down",1080
8129,NA,"CFTR","down",1080
6796,NA,"CFTR","down",1080
6626,NA,"CFTR","down",1080
6076,NA,"CFTR","down",1080
5994,NA,"CFTR","down",1080
5894,NA,"CFTR","down",1080
5727,NA,"CFTR","down",1080
5238,NA,"CFTR","down",1080
5092,NA,"CFTR","down",1080
4713,NA,"CFTR","down",1080
4549,NA,"CFTR","down",1080
4497,NA,"CFTR","down",1080
4488,NA,"CFTR","down",1080
4362,NA,"CFTR","down",1080
4122,NA,"CFTR","down",1080
3973,NA,"CFTR","down",1080
3488,NA,"CFTR","down",1080
3371,NA,"CFTR","down",1080
3036,NA,"CFTR","down",1080
2687,NA,"CFTR","down",1080
2471,NA,"CFTR","down",1080
2336,NA,"CFTR","down",1080
2284,NA,"CFTR","down",1080
2201,NA,"CFTR","down",1080
1730,NA,"CFTR","down",1080
957,NA,"CFTR","down",1080
943,NA,"CFTR","down",1080
935,NA,"CFTR","down",1080
784,NA,"CFTR","down",1080
769,NA,"CFTR","down",1080
544,NA,"CFTR","down",1080
312,NA,"CFTR","down",1080
122361400,NA,"PPP2R2C","down",5522
71600087,NA,"PPP2R2C","down",5522
46907787,NA,"PPP2R2C","down",5522
11524144,NA,"PPP2R2C","down",5522
10323834,NA,"PPP2R2C","down",5522
9936746,NA,"PPP2R2C","down",5522
6509863,NA,"PPP2R2C","down",5522
5371560,NA,"PPP2R2C","down",5522
5283349,NA,"PPP2R2C","down",5522
5280961,NA,"PPP2R2C","down",5522
4521392,NA,"PPP2R2C","down",5522
444732,NA,"PPP2R2C","down",5522
409301,NA,"PPP2R2C","down",5522
186907,NA,"PPP2R2C","down",5522
104741,NA,"PPP2R2C","down",5522
65157,NA,"PPP2R2C","down",5522
13109,NA,"PPP2R2C","down",5522
12111,NA,"PPP2R2C","down",5522
9128,NA,"PPP2R2C","down",5522
6626,NA,"PPP2R2C","down",5522
5641,NA,"PPP2R2C","down",5522
5591,NA,"PPP2R2C","down",5522
5311,NA,"PPP2R2C","down",5522
4261,NA,"PPP2R2C","down",5522
4098,NA,"PPP2R2C","down",5522
2336,NA,"PPP2R2C","down",5522
1983,NA,"PPP2R2C","down",5522
935,NA,"PPP2R2C","down",5522
544,NA,"PPP2R2C","down",5522
135398737,NA,"SREBF1","down",6720
122361400,NA,"SREBF1","down",6720
90684366,NA,"SREBF1","down",6720
89084603,NA,"SREBF1","down",6720
71662960,NA,"SREBF1","down",6720
71521142,NA,"SREBF1","down",6720
67171867,NA,"SREBF1","down",6720
57426056,NA,"SREBF1","down",6720
51039095,NA,"SREBF1","down",6720
46907787,NA,"SREBF1","down",6720
44566110,NA,"SREBF1","down",6720
44462760,NA,"SREBF1","down",6720
25262792,NA,"SREBF1","down",6720
25232708,NA,"SREBF1","down",6720
25227436,NA,"SREBF1","down",6720
24779593,NA,"SREBF1","down",6720
23665730,NA,"SREBF1","down",6720
23661637,NA,"SREBF1","down",6720
21723007,NA,"SREBF1","down",6720
21593892,NA,"SREBF1","down",6720
17754066,NA,"SREBF1","down",6720
14036811,NA,"SREBF1","down",6720
11978813,NA,"SREBF1","down",6720
11707110,NA,"SREBF1","down",6720
11660520,NA,"SREBF1","down",6720
11524144,NA,"SREBF1","down",6720
11228693,NA,"SREBF1","down",6720
11214940,NA,"SREBF1","down",6720
10435654,NA,"SREBF1","down",6720
9893571,NA,"SREBF1","down",6720
9600409,NA,"SREBF1","down",6720
5478003,NA,"SREBF1","down",6720
5469528,NA,"SREBF1","down",6720
5353431,NA,"SREBF1","down",6720
5320315,NA,"SREBF1","down",6720
5318980,NA,"SREBF1","down",6720
5311139,NA,"SREBF1","down",6720
5288679,NA,"SREBF1","down",6720
5284373,NA,"SREBF1","down",6720
5282105,NA,"SREBF1","down",6720
5281792,NA,"SREBF1","down",6720
5281717,NA,"SREBF1","down",6720
5281600,NA,"SREBF1","down",6720
5280961,NA,"SREBF1","down",6720
5280795,NA,"SREBF1","down",6720
5280489,NA,"SREBF1","down",6720
4521392,NA,"SREBF1","down",6720
4068248,NA,"SREBF1","down",6720
3613485,NA,"SREBF1","down",6720
3467590,NA,"SREBF1","down",6720
3392731,NA,"SREBF1","down",6720
3035026,NA,"SREBF1","down",6720
3032536,NA,"SREBF1","down",6720
3000518,NA,"SREBF1","down",6720
2827646,NA,"SREBF1","down",6720
1889993,NA,"SREBF1","down",6720
1548943,NA,"SREBF1","down",6720
689043,NA,"SREBF1","down",6720
644019,NA,"SREBF1","down",6720
516900,NA,"SREBF1","down",6720
471002,NA,"SREBF1","down",6720
449241,NA,"SREBF1","down",6720
449171,NA,"SREBF1","down",6720
447912,NA,"SREBF1","down",6720
447905,NA,"SREBF1","down",6720
447715,NA,"SREBF1","down",6720
446738,NA,"SREBF1","down",6720
446378,NA,"SREBF1","down",6720
444795,NA,"SREBF1","down",6720
441921,NA,"SREBF1","down",6720
439242,NA,"SREBF1","down",6720
359862,NA,"SREBF1","down",6720
220401,NA,"SREBF1","down",6720
186907,NA,"SREBF1","down",6720
181105,NA,"SREBF1","down",6720
161491,NA,"SREBF1","down",6720
160521,NA,"SREBF1","down",6720
150311,NA,"SREBF1","down",6720
123631,NA,"SREBF1","down",6720
114778,NA,"SREBF1","down",6720
105008,NA,"SREBF1","down",6720
100332,NA,"SREBF1","down",6720
95170,NA,"SREBF1","down",6720
86132,NA,"SREBF1","down",6720
82146,NA,"SREBF1","down",6720
77797,NA,"SREBF1","down",6720
73399,NA,"SREBF1","down",6720
68870,NA,"SREBF1","down",6720
67818,NA,"SREBF1","down",6720
65094,NA,"SREBF1","down",6720
65064,NA,"SREBF1","down",6720
54454,NA,"SREBF1","down",6720
53232,NA,"SREBF1","down",6720
43234,NA,"SREBF1","down",6720
39042,NA,"SREBF1","down",6720
32014,NA,"SREBF1","down",6720
31357,NA,"SREBF1","down",6720
27375,NA,"SREBF1","down",6720
26177,NA,"SREBF1","down",6720
26176,NA,"SREBF1","down",6720
24823,NA,"SREBF1","down",6720
23985,NA,"SREBF1","down",6720
23973,NA,"SREBF1","down",6720
23930,NA,"SREBF1","down",6720
20393,NA,"SREBF1","down",6720
15625,NA,"SREBF1","down",6720
13591,NA,"SREBF1","down",6720
12544,NA,"SREBF1","down",6720
12540,NA,"SREBF1","down",6720
10787,NA,"SREBF1","down",6720
10494,NA,"SREBF1","down",6720
10146,NA,"SREBF1","down",6720
9317,NA,"SREBF1","down",6720
9171,NA,"SREBF1","down",6720
9153,NA,"SREBF1","down",6720
8515,NA,"SREBF1","down",6720
8468,NA,"SREBF1","down",6720
8289,NA,"SREBF1","down",6720
7847,NA,"SREBF1","down",6720
7289,NA,"SREBF1","down",6720
7127,NA,"SREBF1","down",6720
7057,NA,"SREBF1","down",6720
6777,NA,"SREBF1","down",6720
6758,NA,"SREBF1","down",6720
6654,NA,"SREBF1","down",6720
6626,NA,"SREBF1","down",6720
6562,NA,"SREBF1","down",6720
6540,NA,"SREBF1","down",6720
6529,NA,"SREBF1","down",6720
6303,NA,"SREBF1","down",6720
5994,NA,"SREBF1","down",6720
5954,NA,"SREBF1","down",6720
5951,NA,"SREBF1","down",6720
5921,NA,"SREBF1","down",6720
5591,NA,"SREBF1","down",6720
4261,NA,"SREBF1","down",6720
4156,NA,"SREBF1","down",6720
3973,NA,"SREBF1","down",6720
3885,NA,"SREBF1","down",6720
3385,NA,"SREBF1","down",6720
3117,NA,"SREBF1","down",6720
2796,NA,"SREBF1","down",6720
2526,NA,"SREBF1","down",6720
2519,NA,"SREBF1","down",6720
2353,NA,"SREBF1","down",6720
2336,NA,"SREBF1","down",6720
1983,NA,"SREBF1","down",6720
1145,NA,"SREBF1","down",6720
985,NA,"SREBF1","down",6720
977,NA,"SREBF1","down",6720
784,NA,"SREBF1","down",6720
712,NA,"SREBF1","down",6720
702,NA,"SREBF1","down",6720
544,NA,"SREBF1","down",6720
241,NA,"SREBF1","down",6720
177,NA,"SREBF1","down",6720
25195294,NA,"RHEB","down",6009
4521392,NA,"RHEB","down",6009
3032536,NA,"RHEB","down",6009
644019,NA,"RHEB","down",6009
409301,NA,"RHEB","down",6009
155166,NA,"RHEB","down",6009
154083,NA,"RHEB","down",6009
153557,NA,"RHEB","down",6009
148195,NA,"RHEB","down",6009
95170,NA,"RHEB","down",6009
73864,NA,"RHEB","down",6009
37013,NA,"RHEB","down",6009
24462,NA,"RHEB","down",6009
23994,NA,"RHEB","down",6009
23973,NA,"RHEB","down",6009
14410,NA,"RHEB","down",6009
12111,NA,"RHEB","down",6009
9128,NA,"RHEB","down",6009
8289,NA,"RHEB","down",6009
6626,NA,"RHEB","down",6009
6618,NA,"RHEB","down",6009
6560,NA,"RHEB","down",6009
6423,NA,"RHEB","down",6009
6410,NA,"RHEB","down",6009
5455,NA,"RHEB","down",6009
4098,NA,"RHEB","down",6009
2336,NA,"RHEB","down",6009
544,NA,"RHEB","down",6009
71509318,NA,"RAB10","down",10890
9874191,NA,"RAB10","down",10890
5284373,NA,"RAB10","down",10890
457193,NA,"RAB10","down",10890
186907,NA,"RAB10","down",10890
154083,NA,"RAB10","down",10890
73864,NA,"RAB10","down",10890
68740,NA,"RAB10","down",10890
66166,NA,"RAB10","down",10890
24462,NA,"RAB10","down",10890
14410,NA,"RAB10","down",10890
6618,NA,"RAB10","down",10890
4156,NA,"RAB10","down",10890
2336,NA,"RAB10","down",10890
1983,NA,"RAB10","down",10890
935,NA,"RAB10","down",10890
784,NA,"RAB10","down",10890
101644674,NA,"RAB14","down",51552
71662960,NA,"RAB14","down",51552
25195294,NA,"RAB14","down",51552
10236627,NA,"RAB14","down",51552
6438357,NA,"RAB14","down",51552
6326970,NA,"RAB14","down",51552
5284373,NA,"RAB14","down",51552
5281707,NA,"RAB14","down",51552
4521392,NA,"RAB14","down",51552
444795,NA,"RAB14","down",51552
186907,NA,"RAB14","down",51552
73864,NA,"RAB14","down",51552
66166,NA,"RAB14","down",51552
14985,NA,"RAB14","down",51552
9416,NA,"RAB14","down",51552
8063,NA,"RAB14","down",51552
6758,NA,"RAB14","down",51552
4766,NA,"RAB14","down",51552
3767,NA,"RAB14","down",51552
