"gene","x","y","log2FoldChange","padj","direction","degree"
"PPP2R5B",2.3376449480479,-2.03171635586609,0.0845585177218533,0.522922086121587,"up",34
"SIRT1",2.01954679143035,-1.92464408634284,0.356732683177699,0.00080602632799962,"up",40
"TSC2",2.06656210114682,-2.05053664878807,0.30972041122444,0.00022695205873911,"up",54
"PPP2CB",2.32041206565854,-2.003032146841,0.247249004691209,0.0316388864326114,"up",52
"PIK3R2",2.18272483530447,-1.83889076080977,-0.144437025345004,0.320442200581572,"down",30
"RPS6KB1",2.17714993614161,-2.02979216790643,-0.350044009912276,0.0014452927482177,"down",64
"PRKAB1",1.93258119345159,-2.12067832849071,0.582137056311803,1.12346371304074e-06,"up",74
"PRKAB2",1.92040858631151,-2.08132692762694,-0.150967864332566,0.433362246362434,"down",72
"CAB39",1.92081049925356,-2.19020413862762,-0.0887698093166316,0.35278907729929,"down",22
"PPP2R5A",2.36381230843744,-1.98136601137632,-0.161356230611653,0.109370597091041,"down",38
"RHEB",2.07439145063248,-2.06157698784628,-0.397967371483624,0.000170984707232544,"down",48
"PIK3R3",2.208231219591,-1.83113710430743,-0.00733414150829503,0.980615246617344,"down",30
"PIK3CA",2.13649742357053,-1.89816904794183,-0.203965163986607,0.137322856070279,"down",46
"PPARGC1A",1.8728591330848,-1.95819285387584,-0.437261764020445,0.0372203780121385,"down",56
"IGF1R",2.14949362114085,-1.87951832361174,0.093799744679413,0.534330042830054,"up",32
"PPARG",1.94658771448262,-1.92311050416697,-0.617713009248493,5.78761684823708e-07,"down",42
"PRKAG2",1.96818517046621,-2.10927502607796,-0.380797813116223,0.00211336539965999,"down",72
"PIK3CB",2.20477339876448,-1.8753578576506,-0.621729489114766,1.57526017901972e-07,"down",32
"TSC1",2.06238624616755,-2.0966913948591,-0.117509332650309,0.27011540239299,"down",36
"IGF1",2.07892304403749,-1.85908793584771,0.565450074441337,0.00892407248489301,"up",32
"INSR",2.25503404439778,-1.93227132190842,0.224101136728854,0.143063772798508,"up",52
"IRS1",2.09749968970944,-1.91340128463872,-0.35216592138843,0.107610379952922,"down",60
"RPTOR",2.0463374096417,-2.0328118990284,0.290276615195146,0.00684009659694966,"up",56
"PPP2R1B",2.3445452627352,-2.01007968414826,-0.153674055192039,0.726294255547065,"down",50
"LEP",1.96198166201531,-1.98440665764691,-0.514276428442861,0.00777750662905414,"down",42
"PRKAG1",1.97348965625348,-2.10883134145584,0.0219016699702825,0.79091613508421,"up",74
"ULK1",2.09563804998402,-2.12246179642122,0.448659357761985,0.0059755479784814,"up",24
"PPP2R1A",2.33155176856935,-2.00574459930988,0.694647722115826,2.27761306489983e-11,"up",50
"STK11",1.99312860514737,-2.04749464167784,0.111799771498266,0.349149988623518,"up",42
"PPP2R2A",2.41980639997164,-2.02296459286959,-0.356653852967502,0.332846456299503,"down",36
"LEPR",1.97346377320982,-1.98820170042381,0.493075528451596,0.00117503287423775,"up",22
"PPP2R2C",2.45793401357224,-1.98362692621556,-1.18592515668458,3.38486273017251e-05,"down",28
"STRADA",1.85889345363547,-2.10885354117588,0.0918746519742983,0.286989606329053,"up",22
"PPP2R5E",2.37242091749338,-1.94023067711815,-0.298147151706428,0.000958147933120408,"down",34
"EIF4EBP1",2.18965775131613,-2.09916592326788,-1.03531661285485,0.000407112406381833,"down",24
"PRKAA1",1.94669128425514,-2.12079566233607,-0.335298169320105,0.0409670726164267,"down",76
"MTOR",2.07649296868412,-1.99232053671512,-0.189021601606435,0.00647027274549019,"down",82
"CRTC2",1.96791115907209,-1.83677168770088,0.0347473370569134,0.840653008738049,"up",36
"PRKAA2",1.9189590885959,-2.09189934230602,0.314055325384756,0.0655607915352061,"up",76
"IRS2",2.10298781496665,-1.93291674266177,0.601958873287132,0.039544351286645,"up",42
"PIK3CD",2.22596040910229,-1.87490264954196,-0.18986658520772,0.161300950178086,"down",30
"FOXO1",2.03671575043019,-1.95122118665553,-0.159005348453934,0.612407076805597,"down",42
"PPP2R3B",2.46139912168404,-1.96721375286489,-0.0991179924118386,0.454451086794369,"down",28
"AKT1S1",2.1358792280492,-2.05935624932653,-0.111367633201564,0.196227989535186,"down",28
"INS",2.13737437920834,-2.00049302697735,0.013520483266526,0.715915564129458,"up",80
"FOXO3",2.07068431721663,-1.97499912842084,0.411042921608747,0.0600829988438003,"up",60
"CREB1",2.03557756257966,-1.78467297356837,-0.606973397588558,1.07608517217267e-05,"down",38
"PPP2R2D",2.46535980901906,-2.00272017274149,-0.0881712783277422,0.393036379664113,"down",30
"PPP2R5C",2.37919049438155,-1.97420135070081,-0.274111643608699,0.00138404816311568,"down",36
"PPP2R5D",2.29497262603601,-2.05625202264084,0.107438592880708,0.279123060761613,"up",44
"PPP2CA",2.30885216502956,-1.99224529987019,0.160863790745947,0.194274512212955,"up",56
"PIK3R1",2.18159018279883,-1.87022979268214,-0.0944097206876471,0.774259973679462,"down",38
"AKT1",2.17790324567471,-2.0024503072693,0.145525894811213,0.103975321721592,"up",102
"HNF4A",1.93111227271324,-1.79253642402154,-0.00801081190813059,0.623128651737936,"down",10
"ADIPOR1",1.91804950972573,-1.82999825945388,-0.179107438114118,0.00693758756356301,"down",10
"ADIPOR2",1.92090029112996,-1.92253784944727,0.185647200889688,0.0826963024843049,"up",12
"PPP2R2B",2.40779184404728,-2.00227833392297,0.836195960694118,0.00224167884750264,"up",30
"ADIPOQ",1.87529310860594,-1.9091013305118,-0.941059665150031,0.0774007336142831,"down",30
"FASN",1.76331899090927,-1.9952008571267,-0.672564413591406,0.0366610814102623,"down",22
"ACACA",1.80863160640001,-2.05878304031806,-0.318339903253682,0.00290851228518607,"down",28
"PRKAG3",1.95307844951442,-2.08897577166201,0.356400532793239,0.00612845595252265,"up",62
"PDPK1",2.14771528690358,-1.95903894654768,0.209799779941209,0.119685234315758,"up",40
"CAB39L",1.86655433488637,-2.14481909016234,-0.519116954269925,0.000995341406550871,"down",22
"STRADB",1.86731004504168,-2.19676498942318,-0.540875544774746,3.86058490734319e-06,"down",22
"PPP2R3A",2.39702745751462,-2.04688983889575,-0.227707128107514,0.223719863560066,"down",30
"SREBF1",1.89202792019933,-1.98430427060616,-0.808494135013357,9.74373309047734e-05,"down",40
"AKT2",2.175424015089,-1.96980711008037,-0.14841763596261,0.0458077649223817,"down",76
"EEF2K",2.03034437940883,-2.2096331933714,-0.167438584277445,0.274730341608091,"down",18
"AKT3",2.19880561413525,-1.95839349679111,-0.290405910641987,0.0538745450890943,"down",62
"EEF2",2.2196391523758,-2.30014521206628,0.0157474401890063,0.916595090520035,"up",6
"SCD",1.6938044725269,-1.9620377409757,-0.873865165680352,0.0602352637509792,"down",14
"HMGCR",1.79832567910795,-2.08833004958915,0.276065746815598,0.0341325466110093,"up",22
"ACACB",1.7606758739274,-2.07323033618758,-0.498995531092884,0.00186026641963968,"down",30
"PFKL",2.29586003370718,-2.29731478611734,0.442209697208673,0.188264122922272,"up",18
"PFKM",2.27364607631551,-2.31641326271434,-0.214783869165936,0.0732857947366456,"down",18
"RPS6KB2",2.20821538215875,-2.00843999179516,-0.0852399161752571,0.453968948738925,"down",34
"SLC2A4",1.89073106170151,-2.15138774379096,0.013163801153067,0.942177522884828,"up",34
"CAMKK2",1.86163668183752,-2.03844175249896,0.106468980582881,0.189691781089736,"up",16
"PFKP",2.26364209189037,-2.29292346168099,0.392984939997764,0.000418608994113794,"up",18
"PFKFB4",2.2812601228281,-2.3937758482457,-0.213082080502327,0.125864600741982,"down",16
"PFKFB2",2.16552589829871,-2.21779891438596,-0.47418532285043,0.0860500333083418,"down",28
"PFKFB3",2.12369529198481,-2.31518387766607,-0.679332575840449,0.00712685186566207,"down",22
"CCND1",2.12198005537101,-1.83248313257238,0.596710165177143,0.000915411372069513,"up",18
"CPT1A",1.65762162952036,-2.03659349376033,-0.136987440410373,0.531278740511273,"down",16
"PCK1",1.91939748483936,-2.13045549438075,-0.631159630076475,0.00981037111889558,"down",14
"CD36",1.68998659521719,-1.79138100510753,-0.193110753454155,0.254577446123981,"down",4
"CFTR",1.92048076090725,-2.23719448165384,-0.539684631611823,1.63152091685757e-05,"down",14
"FBP2",2.17589986735242,-2.32030220199428,-0.181870746700909,0.0154437915503945,"down",20
"FBP1",2.13999494992625,-2.30876869735647,-0.307861248733768,0.147083162368283,"down",24
"TBC1D1",1.85214789873718,-2.23477700830397,-0.205606480908492,0.0347271006035793,"down",26
"RAB14",1.72843811252715,-2.35424712198818,-0.302958391333044,0.000310911181406365,"down",8
"RAB10",1.71571993692126,-2.40187466358659,-0.378615103334901,0.000235548411732409,"down",8
"RAB8A",1.74721070798792,-2.40878472820246,-0.476425355848471,0.0027005124910788,"down",10
"ELAVL1",2.08646526105666,-1.98436872480817,-0.163186864771209,0.0229262763093257,"down",22
"IRS4",2.16240180672479,-1.80698569368112,-0.00215398138149456,0.524482795892909,"down",24
"CCNA1",2.30876402471832,-1.83661579038258,0.20236536948944,0.0240933241002821,"up",14
"CCNA2",2.34725213127384,-1.87223471304043,-0.229584317358829,0.0461344350834633,"down",18
"PPP2R3C",2.45920087161211,-2.05101667271313,-0.11314419276211,0.288067169333433,"down",22
"PFKFB1",2.2212490688483,-2.18173228400843,-0.0580233884969991,0.688194882046663,"down",30
"CREB3L3",1.8802558127241,-1.66097679704627,0.00455472868888169,0.631614323352712,"up",16
"CPT1B",1.54964289354414,-1.98677326059614,0.350853838128574,0.02737128138192,"up",8
"CREB3L2",1.95478102318067,-1.56770262995629,0.0908929254496011,0.550041030343163,"up",14
"CREB3",1.94994063315513,-1.60035652091388,0.0220825442531289,0.846590398508208,"up",14
"CREB3L1",1.89719818668293,-1.59587284366249,-0.47691474727759,0.00279706668958894,"down",14
"MLYCD",1.80818007041885,-2.13745321115019,0.537106005685011,0.00132539850916664,"up",20
"MAP3K7",1.9809232026842,-2.1933997812581,0.0566454984882512,0.528351449412024,"up",16
"CREB3L4",1.89705766999068,-1.56902502747115,0.203575587883531,0.180597021094289,"up",14
"CPT1C",1.48721828485436,-2.05657937505147,0.320255854999576,0.0445853944535038,"up",6
"GYS1",1.80574764118267,-2.24711491540365,0.0895938888842975,0.524007679312339,"up",16
"RAB2A",1.64784467242778,-2.32865983580219,-0.258634742723654,0.656645662709225,"down",4
"CREB5",1.93301944382621,-1.57930305784466,1.63032394810081,1.80781373787357e-05,"up",14
"RAB11B",1.75102968554689,-2.43700714429234,0.524055912902694,1.17653940585256e-08,"up",6
"GYS2",1.95448187531604,-2.2945426561158,-0.125275812342728,0.00432971922258501,"down",12
"PCK2",1.98489029037987,-2.45939833794085,0.0530728272894156,0.800555241582672,"up",4
"LIPE",1.88587175941488,-2.04779652815076,0.223017058576662,0.226721360879811,"up",28
"G6PC3",2.80592251998441,-2.39033054591961,0.179472073843747,0.0294112093988128,"up",2
"G6PC2",2.54360930291482,-2.22862018909383,0.00939548252499535,0.789394909054279,"up",4
"CIDEA",1.71565601279317,-1.76606760008283,0.0209806161567369,0.961703538291142,"up",4
"SCD5",1.47788758065981,-1.97163389229806,-0.202709275429245,0.129685762912193,"down",4
